,Arousal,Compound,Dominance,Flair,POS nlkt,POS spcy,POS stza,Stanza,Subjectivity,Valence,category,word
0,0.55,0.3,0.74,NEGATIVE,NOUN,NOUN,NOUN,1.0,0.0,0.89,confident,tolerance
1,0.55,0.0,0.74,POSITIVE,NOUN,VERB,VERB,1.0,0.0,0.89,confident,carry
2,0.55,0.42,0.74,POSITIVE,NOUN,NOUN,NOUN,2.0,0.0,0.89,confident,tranquility
3,0.55,0.0,0.74,POSITIVE,ADJ,ADJ,ADJ,1.0,0.0,0.89,confident,socontagious
4,0.55,0.0,0.74,NEGATIVE,NOUN,PROPN,NOUN,2.0,0.0,0.89,confident,zeal
5,0.55,0.38,0.74,POSITIVE,VERB,VERB,NOUN,1.0,0.0,0.89,confident,admiring
6,0.55,0.34,0.74,POSITIVE,VERB,VERB,VERB,1.0,0.0,0.89,confident,shared
7,0.55,0.0,0.74,NEGATIVE,ADJ,PROPN,ADJ,1.0,0.12,0.89,confident,basic glitter
8,0.55,0.0,0.74,POSITIVE,NOUN,PROPN,ADV,1.0,0.0,0.89,confident,aksesoris
9,0.55,0.0,0.74,NEGATIVE,NOUN,PROPN,PROPN,1.0,0.0,0.89,confident,peepul
10,0.55,0.0,0.74,POSITIVE,NOUN,NOUN,NOUN,1.0,0.0,0.89,confident,inclusion
11,0.55,0.0,0.74,NEGATIVE,NOUN,PROPN,PROPN,1.0,0.0,0.89,confident,bisa
12,0.55,0.0,0.74,POSITIVE,NOUN,NOUN,NOUN,1.0,0.0,0.89,confident,movement
13,0.55,0.0,0.74,POSITIVE,NOUN,PROPN,INTJ,1.0,0.0,0.89,confident,talkin
14,0.55,0.0,0.74,POSITIVE,NOUN,PROPN,ADJ,1.0,0.0,0.89,confident,iloveyou
15,0.55,0.0,0.74,POSITIVE,VERB,VERB,VERB,1.0,0.0,0.89,confident,learned
16,0.55,0.0,0.74,POSITIVE,ADJ,PROPN,ADJ,2.0,1.0,0.89,confident,ultimate
17,0.55,0.0,0.74,POSITIVE,NOUN,PROPN,PROPN,1.0,0.0,0.89,confident,jesus
18,0.55,0.0,0.74,POSITIVE,NOUN,PROPN,PROPN,1.0,0.0,0.89,confident,wadsworth
19,0.55,0.0,0.74,POSITIVE,NOUN,VERB,NOUN,1.0,0.0,0.89,confident,judging
20,0.55,0.0,0.74,POSITIVE,NOUN,PROPN,NOUN,1.0,0.0,0.89,confident,journey
21,0.55,0.0,0.74,POSITIVE,NOUN,NOUN,NOUN,1.0,0.0,0.89,confident,transaction
22,0.55,0.0,0.74,POSITIVE,NOUN,X,NOUN,1.0,0.0,0.89,confident,zest
23,0.55,0.49,0.74,POSITIVE,ADV,ADJ,ADJ,2.0,0.5,0.89,confident,friendly
24,0.55,0.0,0.74,POSITIVE,NOUN,PROPN,PROPN,1.0,0.0,0.89,confident,berminat
25,0.55,0.0,0.74,POSITIVE,NOUN,PROPN,PROPN,1.0,0.0,0.89,confident,respon
26,0.55,0.49,0.74,POSITIVE,NOUN,NOUN,NOUN,1.0,0.0,0.89,confident,blessing
27,0.55,0.0,0.74,NEGATIVE,NOUN,ADJ,ADJ,0.0,1.0,0.89,confident,irrelevant
28,0.55,0.0,0.74,POSITIVE,NOUN,PROPN,NOUN,1.0,0.0,0.89,confident,transcript
29,0.55,0.0,0.74,POSITIVE,NOUN,PROPN,NOUN,1.0,0.0,0.89,confident,valor
30,0.55,0.0,0.74,NEGATIVE,ADV,ADV,ADV,1.0,0.0,0.89,confident,contagiously
31,0.55,0.0,0.74,POSITIVE,NOUN,NOUN,NOUN,1.0,0.0,0.89,confident,colleges
32,0.55,-0.48,0.74,NEGATIVE,NOUN,ADJ,ADJ,0.0,1.0,0.89,confident,fake
33,0.55,0.0,0.74,NEGATIVE,NOUN,PROPN,PROPN,1.0,0.0,0.89,confident,pdc
34,0.55,0.0,0.74,POSITIVE,NOUN,NOUN,NOUN,1.0,0.0,0.89,confident,knowledge
35,0.55,0.0,0.74,POSITIVE,NOUN,PROPN,PROPN,1.0,0.0,0.89,confident,behel
36,0.55,0.0,0.74,POSITIVE,NOUN,VERB,VERB,1.0,0.0,0.89,confident,built
37,0.55,0.0,0.74,POSITIVE,NOUN,PROPN,NOUN,1.0,0.0,0.89,confident,firststep
38,0.55,0.36,0.74,POSITIVE,NOUN,NOUN,NOUN,1.0,0.0,0.89,confident,ease
39,0.55,0.0,0.74,POSITIVE,NOUN,SCONJ,ADV,1.0,0.0,0.89,confident,upon
40,0.55,0.0,0.74,POSITIVE,NOUN,NOUN,PROPN,1.0,0.0,0.89,confident,foreveralone
41,0.55,0.18,0.74,POSITIVE,NOUN,PROPN,NOUN,2.0,0.0,0.89,confident,spirit
42,0.55,0.0,0.74,POSITIVE,NOUN,NOUN,NOUN,2.0,0.0,0.89,confident,transcendence
43,0.55,0.0,0.74,POSITIVE,NOUN,VERB,VERB,1.0,0.0,0.89,confident,raise
44,0.55,0.0,0.74,NEGATIVE,NOUN,SCONJ,SCONJ,1.0,0.0,0.89,confident,whether
45,0.55,0.0,0.74,POSITIVE,VERB,VERB,VERB,1.0,0.0,0.89,confident,happen
46,0.55,0.0,0.74,POSITIVE,NOUN,NOUN,NOUN,1.0,0.0,0.89,confident,actions
47,0.55,-0.34,0.74,NEGATIVE,VERB,VERB,VERB,1.0,0.0,0.89,confident,worrying
48,0.55,0.0,0.74,POSITIVE,NOUN,PROPN,NOUN,1.0,0.0,0.89,confident,catfish
49,0.55,0.0,0.74,POSITIVE,NOUN,NOUN,NOUN,2.0,0.0,0.89,confident,family
50,0.55,0.0,0.74,POSITIVE,NOUN,NOUN,INTJ,1.0,0.0,0.89,confident,bro
51,0.55,0.0,0.74,NEGATIVE,NOUN,PROPN,PROPN,1.0,0.0,0.89,confident,cray
52,0.55,0.0,0.74,NEGATIVE,NOUN,X,X,1.0,0.0,0.89,confident,s o
53,0.55,0.0,0.74,POSITIVE,NOUN,VERB,VERB,1.0,0.0,0.89,confident,ask
54,0.55,0.0,0.74,POSITIVE,NOUN,NOUN,NOUN,1.0,0.0,0.89,confident,community
55,0.55,0.0,0.74,NEGATIVE,NOUN,PROPN,NOUN,1.0,0.0,0.89,confident,veal
56,0.55,0.0,0.74,POSITIVE,NOUN,PROPN,PROPN,1.0,0.0,0.89,confident,bros
57,0.55,0.0,0.74,POSITIVE,NOUN,NOUN,NOUN,1.0,0.0,0.89,confident,attitude
58,0.55,0.0,0.74,NEGATIVE,NOUN,PROPN,PROPN,1.0,0.0,0.89,confident,tentang
59,0.55,0.0,0.74,NEGATIVE,NOUN,PROPN,PROPN,1.0,0.0,0.89,confident,karunia
60,0.55,0.0,0.74,POSITIVE,VERB,VERB,VERB,1.0,0.0,0.89,confident,given
61,0.55,0.0,0.74,NEGATIVE,NOUN,PROPN,PROPN,1.0,0.0,0.89,confident,untuk
62,0.55,0.0,0.74,POSITIVE,NOUN,PROPN,NOUN,1.0,0.17,0.89,confident,female
63,0.55,0.0,0.74,NEGATIVE,NOUN,NOUN,NOUN,1.0,0.0,0.89,confident,issue
64,0.55,0.0,0.74,POSITIVE,NOUN,VERB,VERB,1.0,0.0,0.89,confident,relate
65,0.55,0.0,0.74,POSITIVE,VERB,VERB,VERB,1.0,0.0,0.89,confident,known
66,0.55,0.44,0.74,POSITIVE,NOUN,PROPN,ADJ,2.0,0.9,0.89,confident,classy
67,0.55,0.0,0.74,POSITIVE,ADJ,ADJ,ADJ,1.0,0.4,0.89,confident,individual
68,0.55,0.0,0.74,POSITIVE,NOUN,X,PROPN,1.0,0.0,0.89,confident,loveher
69,0.55,0.0,0.74,POSITIVE,NOUN,NOUN,NOUN,1.0,0.0,0.89,confident,priorities
70,0.55,0.6,0.74,POSITIVE,NOUN,ADJ,ADJ,2.0,1.0,0.89,confident,beautiful
71,0.55,-0.34,0.74,NEGATIVE,NOUN,NOUN,NOUN,1.0,0.0,0.89,confident,obsession
72,0.55,0.0,0.74,POSITIVE,NOUN,NOUN,PROPN,1.0,0.0,0.89,confident,garansi
73,0.55,0.4,0.74,POSITIVE,NOUN,NOUN,VERB,2.0,0.0,0.89,confident,treat
74,0.55,0.36,0.74,NEGATIVE,VERB,VERB,NOUN,1.0,0.0,0.89,confident,praying
75,0.55,0.44,0.74,POSITIVE,ADV,ADV,ADV,2.0,1.0,0.89,confident,nicely
76,0.55,0.0,0.74,POSITIVE,NOUN,PROPN,NOUN,1.0,0.0,0.89,confident,usher
77,0.55,-0.54,0.74,NEGATIVE,NOUN,NOUN,NOUN,1.0,0.0,0.89,confident,enemy
78,0.55,0.0,0.74,POSITIVE,NOUN,NOUN,NOUN,1.0,0.0,0.89,confident,reasons
79,0.55,0.56,0.74,POSITIVE,NOUN,NOUN,NOUN,2.0,0.0,0.89,confident,praise
80,0.55,0.0,0.74,POSITIVE,NOUN,VERB,VERB,1.0,0.0,0.89,confident,tend
81,0.55,0.0,0.74,NEGATIVE,NOUN,PROPN,NOUN,1.0,0.0,0.89,confident,hoe
82,0.55,-0.18,0.74,NEGATIVE,NOUN,VERB,VERB,1.0,0.0,0.89,confident,hide
83,0.55,0.0,0.74,POSITIVE,NOUN,NOUN,NOUN,1.0,0.0,0.89,confident,veracity
84,0.55,0.0,0.74,POSITIVE,ADJ,PROPN,ADJ,1.0,0.0,0.89,confident,utopian
85,0.55,0.0,0.74,NEGATIVE,NOUN,PROPN,NOUN,0.0,0.0,0.89,confident,disease
86,0.55,0.0,0.74,POSITIVE,VERB,VERB,VERB,1.0,0.1,0.89,confident,following rt
87,0.55,0.3,0.74,POSITIVE,NOUN,NOUN,NOUN,2.0,0.0,0.89,confident,treasure
88,0.55,0.13,0.74,POSITIVE,NOUN,NOUN,NOUN,1.0,0.0,0.89,confident,treasurer
89,0.55,0.0,0.74,POSITIVE,NOUN,PROPN,INTJ,1.0,0.0,0.89,confident,coz
90,0.55,0.0,0.74,POSITIVE,NOUN,PROPN,INTJ,1.0,0.0,0.89,confident,hv
91,0.55,0.0,0.74,POSITIVE,NOUN,NOUN,PROPN,1.0,0.0,0.89,confident,ad
92,0.55,0.0,0.74,POSITIVE,NOUN,NOUN,NOUN,1.0,0.0,0.89,confident,responsibility
93,0.55,0.0,0.74,NEGATIVE,NOUN,PROPN,PROPN,1.0,0.0,0.89,confident,murah
94,0.55,0.0,0.74,POSITIVE,ADJ,ADJ,ADJ,1.0,0.25,0.89,confident,usual
95,0.55,0.0,0.74,POSITIVE,NOUN,PROPN,NOUN,1.0,0.0,0.89,confident,views
96,0.55,0.0,0.74,POSITIVE,VERB,VERB,VERB,1.0,0.0,0.89,confident,let
97,0.55,0.42,0.74,POSITIVE,NOUN,NOUN,NOUN,2.0,0.0,0.89,confident,grace
98,0.55,0.0,0.74,POSITIVE,NOUN,PROPN,PROPN,1.0,0.0,0.89,confident,ribet
99,0.55,0.0,0.74,POSITIVE,NOUN,NOUN,NOUN,1.0,0.0,0.89,confident,tree
58658,0.82,0.42,0.79,POSITIVE,NOUN,PROPN,ADJ,2.0,0.0,0.98,friendly,genial
58659,0.82,0.46,0.79,POSITIVE,NOUN,NOUN,NOUN,1.0,0.0,0.98,friendly,passion
58660,0.82,0.46,0.79,POSITIVE,VERB,VERB,NOUN,2.0,0.0,0.98,friendly,smiling
58661,0.82,0.36,0.79,POSITIVE,NOUN,PROPN,NOUN,2.0,0.1,0.98,friendly,smile
58662,0.82,0.53,0.79,POSITIVE,NOUN,PROPN,ADJ,2.0,0.85,0.98,friendly,passionate
58663,0.82,0.0,0.79,POSITIVE,NOUN,PROPN,NOUN,1.0,0.0,0.98,friendly,visitor
58664,0.82,0.65,0.79,POSITIVE,NOUN,PROPN,NOUN,2.0,0.0,0.98,friendly,sweetheart
58665,0.82,0.0,0.79,POSITIVE,NOUN,ADJ,ADJ,1.0,0.0,0.98,friendly,present
58666,0.82,0.0,0.79,POSITIVE,NOUN,PROPN,VERB,1.0,0.0,0.98,friendly,swim
58667,0.82,0.49,0.79,POSITIVE,VERB,VERB,VERB,1.0,0.0,0.98,friendly,succeeding
58668,0.82,0.0,0.79,POSITIVE,ADJ,PROPN,ADJ,1.0,0.0,0.98,friendly,fraternal
58669,0.82,0.49,0.79,POSITIVE,VERB,VERB,VERB,2.0,0.0,0.98,friendly,succeed
58670,0.82,0.59,0.79,POSITIVE,ADJ,ADJ,ADJ,2.0,0.95,0.98,friendly,successful
58671,0.82,0.57,0.79,POSITIVE,NOUN,NOUN,NOUN,2.0,0.0,0.98,friendly,success
58672,0.82,0.61,0.79,POSITIVE,ADJ,ADJ,ADJ,2.0,0.88,0.98,friendly,outstanding
58673,0.82,0.51,0.79,POSITIVE,ADJ,ADJ,ADJ,2.0,0.0,0.98,friendly,generous
58674,0.82,0.4,0.79,POSITIVE,VERB,VERB,NOUN,2.0,0.0,0.98,friendly,liking
58675,0.82,0.0,0.79,POSITIVE,NOUN,NOUN,NOUN,1.0,0.0,0.98,friendly,procession
58676,0.82,0.49,0.79,POSITIVE,VERB,VERB,VERB,2.0,0.0,0.98,friendly,inspired
58677,0.82,0.44,0.79,POSITIVE,ADV,ADV,ADV,1.0,0.8,0.98,friendly,freely
58678,0.82,0.53,0.79,POSITIVE,NOUN,NOUN,NOUN,2.0,0.0,0.98,friendly,inspiration
58679,0.82,0.64,0.79,POSITIVE,NOUN,NOUN,NOUN,2.0,0.0,0.98,friendly,freedom
58680,0.82,0.0,0.79,POSITIVE,NOUN,NOUN,NOUN,2.0,0.0,0.98,friendly,gem
58681,0.82,0.53,0.79,POSITIVE,ADJ,PROPN,ADJ,2.0,0.0,0.98,friendly,visionary
58682,0.82,0.57,0.79,POSITIVE,NOUN,PROPN,VERB,2.0,0.0,0.98,friendly,inspire
58683,0.82,0.49,0.79,POSITIVE,NOUN,NOUN,NOUN,1.0,0.0,0.98,friendly,sweets
58684,0.82,0.51,0.79,POSITIVE,NOUN,NOUN,NOUN,2.0,0.0,0.98,friendly,generosity
58685,0.82,0.57,0.79,POSITIVE,NOUN,NOUN,NOUN,2.0,0.0,0.98,friendly,reward
58686,0.82,0.0,0.79,POSITIVE,ADV,ADV,ADJ,1.0,0.0,0.98,friendly,princely
58687,0.82,0.0,0.79,POSITIVE,NOUN,NOUN,NOUN,1.0,0.0,0.98,friendly,superstar
58688,0.82,0.0,0.79,POSITIVE,NOUN,PROPN,NOUN,1.0,0.0,0.98,friendly,volunteer
58689,0.82,0.48,0.79,POSITIVE,NOUN,NOUN,NOUN,2.0,0.0,0.98,friendly,intelligence
58690,0.82,0.44,0.79,POSITIVE,NOUN,PROPN,VERB,2.0,0.0,0.98,friendly,fulfill
58691,0.82,0.0,0.79,POSITIVE,NOUN,NOUN,NOUN,2.0,0.0,0.98,friendly,fulfillment
58692,0.82,0.49,0.79,POSITIVE,ADV,ADJ,ADV,2.0,1.0,0.98,friendly,pretty
58693,0.82,0.08,0.79,POSITIVE,NOUN,ADJ,ADJ,2.0,1.0,0.98,friendly,intense
58694,0.82,0.51,0.79,POSITIVE,NOUN,NOUN,NOUN,2.0,0.2,0.98,friendly,fun
58695,0.82,0.0,0.79,POSITIVE,NOUN,PROPN,VERB,1.0,0.0,0.98,friendly,rekindle
58696,0.82,0.0,0.79,NEGATIVE,NOUN,NOUN,NOUN,0.0,0.0,0.98,friendly,wages
58697,0.82,0.0,0.79,POSITIVE,NOUN,PROPN,PROPN,1.0,0.0,0.98,friendly,superman
58698,0.82,0.0,0.79,POSITIVE,NOUN,PROPN,VERB,1.0,0.0,0.98,friendly,prevail
58699,0.82,0.05,0.79,POSITIVE,NOUN,NOUN,NOUN,1.0,0.0,0.98,friendly,supremacy
58700,0.82,0.0,0.79,POSITIVE,NOUN,PROPN,NOUN,1.0,0.0,0.98,friendly,priesthood
58701,0.82,0.34,0.79,POSITIVE,NOUN,NOUN,NOUN,1.0,0.0,0.98,friendly,pride
58702,0.82,0.0,0.79,POSITIVE,NOUN,PROPN,NOUN,1.0,0.0,0.98,friendly,vow
58703,0.82,0.53,0.79,POSITIVE,NOUN,PROPN,VERB,1.0,0.0,0.98,friendly,gain
58704,0.82,0.27,0.79,POSITIVE,NOUN,PROPN,NOUN,1.0,0.0,0.98,friendly,surprise
58705,0.82,0.59,0.79,POSITIVE,VERB,VERB,NOUN,1.0,0.0,0.98,friendly,rejoicing
58706,0.82,0.44,0.79,POSITIVE,NOUN,VERB,VERB,1.0,0.0,0.98,friendly,rejoice
58707,0.82,0.27,0.79,POSITIVE,NOUN,PROPN,NOUN,1.0,0.0,0.98,friendly,supporter
58708,0.82,0.0,0.79,POSITIVE,ADJ,ADJ,ADJ,1.0,0.0,0.98,friendly,voluptuous
58709,0.82,0.0,0.79,POSITIVE,NOUN,NOUN,NOUN,1.0,0.0,0.98,friendly,leisure
58710,0.82,0.0,0.79,POSITIVE,NOUN,ADJ,ADJ,2.0,0.75,0.98,friendly,vivid
58711,0.82,0.42,0.79,POSITIVE,ADJ,ADJ,ADJ,2.0,0.0,0.98,friendly,vivacious
58712,0.82,0.25,0.79,NEGATIVE,NOUN,ADJ,ADJ,1.0,0.0,0.98,friendly,frisky
58713,0.82,0.0,0.79,NEGATIVE,NOUN,PROPN,VERB,1.0,0.0,0.98,friendly,frolic
58714,0.82,0.0,0.79,POSITIVE,VERB,VERB,VERB,1.0,0.0,0.98,friendly,legalized
58715,0.82,0.0,0.79,POSITIVE,ADJ,ADJ,ADJ,1.0,0.0,0.98,friendly,rhythmical
58716,0.82,0.0,0.79,POSITIVE,NOUN,PROPN,PROPN,1.0,0.0,0.98,friendly,paragon
58717,0.82,0.0,0.79,POSITIVE,NOUN,NOUN,NOUN,1.0,0.0,0.98,friendly,vote
58718,0.82,0.49,0.79,POSITIVE,ADV,ADJ,ADJ,2.0,0.5,0.98,friendly,friendly
58719,0.82,0.44,0.79,POSITIVE,NOUN,NOUN,NOUN,1.0,0.0,0.98,friendly,friendship
58720,0.82,0.46,0.79,POSITIVE,NOUN,ADJ,ADJ,2.0,0.65,0.98,friendly,sweet
58721,0.82,0.49,0.79,POSITIVE,NOUN,NOUN,NOUN,1.0,0.0,0.98,friendly,friend
58722,0.82,0.44,0.79,POSITIVE,NOUN,ADJ,ADJ,1.0,0.0,0.98,friendly,privileged
58723,0.82,0.46,0.79,POSITIVE,NOUN,PROPN,NOUN,2.0,0.0,0.98,friendly,friendliness
58724,0.82,0.0,0.79,POSITIVE,NOUN,ADJ,NOUN,1.0,0.0,0.98,friendly,preservative
58725,0.82,0.32,0.79,POSITIVE,NOUN,NOUN,NOUN,1.0,0.0,0.98,friendly,vitality
58726,0.82,0.42,0.79,POSITIVE,NOUN,ADJ,ADJ,1.0,0.0,0.98,friendly,sunny
58727,0.82,0.0,0.79,POSITIVE,NOUN,VERB,VERB,1.0,0.0,0.98,friendly,liberate
58728,0.82,0.0,0.79,POSITIVE,NOUN,PROPN,NOUN,1.0,0.0,0.98,friendly,ribbon
58729,0.82,0.0,0.79,POSITIVE,NOUN,PROPN,NOUN,1.0,0.0,0.98,friendly,liberation
58730,0.82,0.0,0.79,POSITIVE,NOUN,NOUN,NOUN,1.0,0.0,0.98,friendly,garden
58731,0.82,0.49,0.79,POSITIVE,NOUN,PROPN,ADJ,1.0,0.0,0.98,friendly,sunshine
58732,0.82,0.53,0.79,POSITIVE,NOUN,NOUN,NOUN,1.0,0.0,0.98,friendly,liberty
58733,0.82,0.0,0.79,POSITIVE,NOUN,PROPN,PROPN,1.0,0.0,0.98,friendly,sun
58734,0.82,0.0,0.79,POSITIVE,NOUN,PROPN,NOUN,1.0,0.0,0.98,friendly,prestige
58735,0.82,0.57,0.79,POSITIVE,NOUN,PROPN,ADJ,2.0,0.0,0.98,friendly,overjoyed
58736,0.82,0.0,0.79,POSITIVE,NOUN,PROPN,NOUN,1.0,0.23,0.98,friendly,parade
58737,0.82,0.0,0.79,POSITIVE,NOUN,PROPN,PROPN,1.0,0.0,0.98,friendly,presto
58738,0.82,0.0,0.79,POSITIVE,ADV,ADV,ADV,1.0,1.0,0.98,friendly,finally
58739,0.82,0.0,0.79,POSITIVE,NOUN,PROPN,NOUN,1.0,0.0,0.98,friendly,spaniel
58740,0.82,0.0,0.79,POSITIVE,NOUN,PROPN,NOUN,1.0,0.0,0.98,friendly,star
58741,0.82,0.53,0.79,POSITIVE,VERB,VERB,NOUN,2.0,0.75,0.98,friendly,winning
58742,0.82,0.59,0.79,POSITIVE,NOUN,NOUN,NOUN,2.0,0.0,0.98,friendly,winner
58743,0.82,0.0,0.79,POSITIVE,NOUN,NOUN,NOUN,1.0,0.0,0.98,friendly,picnic
58744,0.82,0.0,0.79,POSITIVE,VERB,PROPN,ADJ,1.0,0.0,0.98,friendly,kindred
58745,0.82,0.0,0.79,POSITIVE,NOUN,PROPN,NOUN,1.0,0.0,0.98,friendly,starry
58746,0.82,0.0,0.79,POSITIVE,NOUN,PROPN,NOUN,1.0,0.0,0.98,friendly,jackpot
58747,0.82,0.0,0.79,POSITIVE,NOUN,PROPN,PROPN,1.0,0.0,0.98,friendly,spa
58748,0.82,0.38,0.79,POSITIVE,NOUN,PROPN,ADJ,2.0,0.0,0.98,friendly,picturesque
58749,0.82,0.53,0.79,POSITIVE,NOUN,PROPN,NOUN,2.0,0.9,0.98,friendly,kind
58750,0.82,0.48,0.79,POSITIVE,NOUN,PROPN,NOUN,1.0,0.0,0.98,friendly,fiesta
58751,0.82,0.42,0.79,POSITIVE,NOUN,VERB,NOUN,1.0,0.0,0.98,friendly,sparkle
58752,0.82,0.54,0.79,POSITIVE,NOUN,NOUN,NOUN,1.0,0.0,0.98,friendly,winnings
58753,0.82,0.0,0.79,POSITIVE,NOUN,ADJ,ADJ,1.0,0.0,0.98,friendly,restorative
58754,0.82,0.0,0.79,POSITIVE,NOUN,PROPN,ADJ,1.0,0.0,0.98,friendly,reproductive
58755,0.82,0.0,0.79,POSITIVE,NOUN,ADJ,NOUN,2.0,0.5,0.98,friendly,fitting
58756,0.82,0.0,0.79,POSITIVE,ADJ,PROPN,ADJ,1.0,0.4,0.98,friendly,young
58757,0.82,0.0,0.79,POSITIVE,NOUN,VERB,VERB,1.0,0.0,0.98,friendly,possess
48316,0.82,0.42,0.79,POSITIVE,NOUN,PROPN,ADJ,2.0,0.0,0.98,happy,genial
48317,0.82,0.46,0.79,POSITIVE,NOUN,NOUN,NOUN,1.0,0.0,0.98,happy,passion
48318,0.82,0.46,0.79,POSITIVE,VERB,VERB,NOUN,2.0,0.0,0.98,happy,smiling
48319,0.82,0.36,0.79,POSITIVE,NOUN,PROPN,NOUN,2.0,0.1,0.98,happy,smile
48320,0.82,0.53,0.79,POSITIVE,NOUN,PROPN,ADJ,2.0,0.85,0.98,happy,passionate
48321,0.82,0.0,0.79,POSITIVE,NOUN,PROPN,NOUN,1.0,0.0,0.98,happy,visitor
48322,0.82,0.65,0.79,POSITIVE,NOUN,PROPN,NOUN,2.0,0.0,0.98,happy,sweetheart
48323,0.82,0.0,0.79,POSITIVE,NOUN,ADJ,ADJ,1.0,0.0,0.98,happy,present
48324,0.82,0.0,0.79,POSITIVE,NOUN,PROPN,VERB,1.0,0.0,0.98,happy,swim
48325,0.82,0.49,0.79,POSITIVE,VERB,VERB,VERB,1.0,0.0,0.98,happy,succeeding
48326,0.82,0.0,0.79,POSITIVE,ADJ,PROPN,ADJ,1.0,0.0,0.98,happy,fraternal
48327,0.82,0.49,0.79,POSITIVE,VERB,VERB,VERB,2.0,0.0,0.98,happy,succeed
48328,0.82,0.59,0.79,POSITIVE,ADJ,ADJ,ADJ,2.0,0.95,0.98,happy,successful
48329,0.82,0.57,0.79,POSITIVE,NOUN,NOUN,NOUN,2.0,0.0,0.98,happy,success
48330,0.82,0.61,0.79,POSITIVE,ADJ,ADJ,ADJ,2.0,0.88,0.98,happy,outstanding
48331,0.82,0.51,0.79,POSITIVE,ADJ,ADJ,ADJ,2.0,0.0,0.98,happy,generous
48332,0.82,0.4,0.79,POSITIVE,VERB,VERB,NOUN,2.0,0.0,0.98,happy,liking
48333,0.82,0.0,0.79,POSITIVE,NOUN,NOUN,NOUN,1.0,0.0,0.98,happy,procession
48334,0.82,0.49,0.79,POSITIVE,VERB,VERB,VERB,2.0,0.0,0.98,happy,inspired
48335,0.82,0.44,0.79,POSITIVE,ADV,ADV,ADV,1.0,0.8,0.98,happy,freely
48336,0.82,0.53,0.79,POSITIVE,NOUN,NOUN,NOUN,2.0,0.0,0.98,happy,inspiration
48337,0.82,0.64,0.79,POSITIVE,NOUN,NOUN,NOUN,2.0,0.0,0.98,happy,freedom
48338,0.82,0.0,0.79,POSITIVE,NOUN,NOUN,NOUN,2.0,0.0,0.98,happy,gem
48339,0.82,0.53,0.79,POSITIVE,ADJ,PROPN,ADJ,2.0,0.0,0.98,happy,visionary
48340,0.82,0.57,0.79,POSITIVE,NOUN,PROPN,VERB,2.0,0.0,0.98,happy,inspire
48341,0.82,0.49,0.79,POSITIVE,NOUN,NOUN,NOUN,1.0,0.0,0.98,happy,sweets
48342,0.82,0.51,0.79,POSITIVE,NOUN,NOUN,NOUN,2.0,0.0,0.98,happy,generosity
48343,0.82,0.57,0.79,POSITIVE,NOUN,NOUN,NOUN,2.0,0.0,0.98,happy,reward
48344,0.82,0.0,0.79,POSITIVE,ADV,ADV,ADJ,1.0,0.0,0.98,happy,princely
48345,0.82,0.0,0.79,POSITIVE,NOUN,NOUN,NOUN,1.0,0.0,0.98,happy,superstar
48346,0.82,0.0,0.79,POSITIVE,NOUN,PROPN,NOUN,1.0,0.0,0.98,happy,volunteer
48347,0.82,0.48,0.79,POSITIVE,NOUN,NOUN,NOUN,2.0,0.0,0.98,happy,intelligence
48348,0.82,0.44,0.79,POSITIVE,NOUN,PROPN,VERB,2.0,0.0,0.98,happy,fulfill
48349,0.82,0.0,0.79,POSITIVE,NOUN,NOUN,NOUN,2.0,0.0,0.98,happy,fulfillment
48350,0.82,0.49,0.79,POSITIVE,ADV,ADJ,ADV,2.0,1.0,0.98,happy,pretty
48351,0.82,0.08,0.79,POSITIVE,NOUN,ADJ,ADJ,2.0,1.0,0.98,happy,intense
48352,0.82,0.51,0.79,POSITIVE,NOUN,NOUN,NOUN,2.0,0.2,0.98,happy,fun
48353,0.82,0.0,0.79,POSITIVE,NOUN,PROPN,VERB,1.0,0.0,0.98,happy,rekindle
48354,0.82,0.0,0.79,NEGATIVE,NOUN,NOUN,NOUN,0.0,0.0,0.98,happy,wages
48355,0.82,0.0,0.79,POSITIVE,NOUN,PROPN,PROPN,1.0,0.0,0.98,happy,superman
48356,0.82,0.0,0.79,POSITIVE,NOUN,PROPN,VERB,1.0,0.0,0.98,happy,prevail
48357,0.82,0.05,0.79,POSITIVE,NOUN,NOUN,NOUN,1.0,0.0,0.98,happy,supremacy
48358,0.82,0.0,0.79,POSITIVE,NOUN,PROPN,NOUN,1.0,0.0,0.98,happy,priesthood
48359,0.82,0.34,0.79,POSITIVE,NOUN,NOUN,NOUN,1.0,0.0,0.98,happy,pride
48360,0.82,0.0,0.79,POSITIVE,NOUN,PROPN,NOUN,1.0,0.0,0.98,happy,vow
48361,0.82,0.53,0.79,POSITIVE,NOUN,PROPN,VERB,1.0,0.0,0.98,happy,gain
48362,0.82,0.27,0.79,POSITIVE,NOUN,PROPN,NOUN,1.0,0.0,0.98,happy,surprise
48363,0.82,0.59,0.79,POSITIVE,VERB,VERB,NOUN,1.0,0.0,0.98,happy,rejoicing
48364,0.82,0.44,0.79,POSITIVE,NOUN,VERB,VERB,1.0,0.0,0.98,happy,rejoice
48365,0.82,0.27,0.79,POSITIVE,NOUN,PROPN,NOUN,1.0,0.0,0.98,happy,supporter
48366,0.82,0.0,0.79,POSITIVE,ADJ,ADJ,ADJ,1.0,0.0,0.98,happy,voluptuous
48367,0.82,0.0,0.79,POSITIVE,NOUN,NOUN,NOUN,1.0,0.0,0.98,happy,leisure
48368,0.82,0.0,0.79,POSITIVE,NOUN,ADJ,ADJ,2.0,0.75,0.98,happy,vivid
48369,0.82,0.42,0.79,POSITIVE,ADJ,ADJ,ADJ,2.0,0.0,0.98,happy,vivacious
48370,0.82,0.25,0.79,NEGATIVE,NOUN,ADJ,ADJ,1.0,0.0,0.98,happy,frisky
48371,0.82,0.0,0.79,NEGATIVE,NOUN,PROPN,VERB,1.0,0.0,0.98,happy,frolic
48372,0.82,0.0,0.79,POSITIVE,VERB,VERB,VERB,1.0,0.0,0.98,happy,legalized
48373,0.82,0.0,0.79,POSITIVE,ADJ,ADJ,ADJ,1.0,0.0,0.98,happy,rhythmical
48374,0.82,0.0,0.79,POSITIVE,NOUN,PROPN,PROPN,1.0,0.0,0.98,happy,paragon
48375,0.82,0.0,0.79,POSITIVE,NOUN,NOUN,NOUN,1.0,0.0,0.98,happy,vote
48376,0.82,0.49,0.79,POSITIVE,ADV,ADJ,ADJ,2.0,0.5,0.98,happy,friendly
48377,0.82,0.44,0.79,POSITIVE,NOUN,NOUN,NOUN,1.0,0.0,0.98,happy,friendship
48378,0.82,0.46,0.79,POSITIVE,NOUN,ADJ,ADJ,2.0,0.65,0.98,happy,sweet
48379,0.82,0.49,0.79,POSITIVE,NOUN,NOUN,NOUN,1.0,0.0,0.98,happy,friend
48380,0.82,0.44,0.79,POSITIVE,NOUN,ADJ,ADJ,1.0,0.0,0.98,happy,privileged
48381,0.82,0.46,0.79,POSITIVE,NOUN,PROPN,NOUN,2.0,0.0,0.98,happy,friendliness
48382,0.82,0.0,0.79,POSITIVE,NOUN,ADJ,NOUN,1.0,0.0,0.98,happy,preservative
48383,0.82,0.32,0.79,POSITIVE,NOUN,NOUN,NOUN,1.0,0.0,0.98,happy,vitality
48384,0.82,0.42,0.79,POSITIVE,NOUN,ADJ,ADJ,1.0,0.0,0.98,happy,sunny
48385,0.82,0.0,0.79,POSITIVE,NOUN,VERB,VERB,1.0,0.0,0.98,happy,liberate
48386,0.82,0.0,0.79,POSITIVE,NOUN,PROPN,NOUN,1.0,0.0,0.98,happy,ribbon
48387,0.82,0.0,0.79,POSITIVE,NOUN,PROPN,NOUN,1.0,0.0,0.98,happy,liberation
48388,0.82,0.0,0.79,POSITIVE,NOUN,NOUN,NOUN,1.0,0.0,0.98,happy,garden
48389,0.82,0.49,0.79,POSITIVE,NOUN,PROPN,ADJ,1.0,0.0,0.98,happy,sunshine
48390,0.82,0.53,0.79,POSITIVE,NOUN,NOUN,NOUN,1.0,0.0,0.98,happy,liberty
48391,0.82,0.0,0.79,POSITIVE,NOUN,PROPN,PROPN,1.0,0.0,0.98,happy,sun
48392,0.82,0.0,0.79,POSITIVE,NOUN,PROPN,NOUN,1.0,0.0,0.98,happy,prestige
48393,0.82,0.57,0.79,POSITIVE,NOUN,PROPN,ADJ,2.0,0.0,0.98,happy,overjoyed
48394,0.82,0.0,0.79,POSITIVE,NOUN,PROPN,NOUN,1.0,0.23,0.98,happy,parade
48395,0.82,0.0,0.79,POSITIVE,NOUN,PROPN,PROPN,1.0,0.0,0.98,happy,presto
48396,0.82,0.0,0.79,POSITIVE,ADV,ADV,ADV,1.0,1.0,0.98,happy,finally
48397,0.82,0.0,0.79,POSITIVE,NOUN,PROPN,NOUN,1.0,0.0,0.98,happy,spaniel
48398,0.82,0.0,0.79,POSITIVE,NOUN,PROPN,NOUN,1.0,0.0,0.98,happy,star
48399,0.82,0.53,0.79,POSITIVE,VERB,VERB,NOUN,2.0,0.75,0.98,happy,winning
48400,0.82,0.59,0.79,POSITIVE,NOUN,NOUN,NOUN,2.0,0.0,0.98,happy,winner
48401,0.82,0.0,0.79,POSITIVE,NOUN,NOUN,NOUN,1.0,0.0,0.98,happy,picnic
48402,0.82,0.0,0.79,POSITIVE,VERB,PROPN,ADJ,1.0,0.0,0.98,happy,kindred
48403,0.82,0.0,0.79,POSITIVE,NOUN,PROPN,NOUN,1.0,0.0,0.98,happy,starry
48404,0.82,0.0,0.79,POSITIVE,NOUN,PROPN,NOUN,1.0,0.0,0.98,happy,jackpot
48405,0.82,0.0,0.79,POSITIVE,NOUN,PROPN,PROPN,1.0,0.0,0.98,happy,spa
48406,0.82,0.38,0.79,POSITIVE,NOUN,PROPN,ADJ,2.0,0.0,0.98,happy,picturesque
48407,0.82,0.53,0.79,POSITIVE,NOUN,PROPN,NOUN,2.0,0.9,0.98,happy,kind
48408,0.82,0.48,0.79,POSITIVE,NOUN,PROPN,NOUN,1.0,0.0,0.98,happy,fiesta
48409,0.82,0.42,0.79,POSITIVE,NOUN,VERB,NOUN,1.0,0.0,0.98,happy,sparkle
48410,0.82,0.54,0.79,POSITIVE,NOUN,NOUN,NOUN,1.0,0.0,0.98,happy,winnings
48411,0.82,0.0,0.79,POSITIVE,NOUN,ADJ,ADJ,1.0,0.0,0.98,happy,restorative
48412,0.82,0.0,0.79,POSITIVE,NOUN,PROPN,ADJ,1.0,0.0,0.98,happy,reproductive
48413,0.82,0.0,0.79,POSITIVE,NOUN,ADJ,NOUN,2.0,0.5,0.98,happy,fitting
48414,0.82,0.0,0.79,POSITIVE,ADJ,PROPN,ADJ,1.0,0.4,0.98,happy,young
48415,0.82,0.0,0.79,POSITIVE,NOUN,VERB,VERB,1.0,0.0,0.98,happy,possess
35756,0.54,0.0,0.71,POSITIVE,NOUN,NOUN,NOUN,1.0,0.0,0.7,interested,reconstruction
35757,0.54,0.0,0.71,NEGATIVE,NOUN,NOUN,NOUN,1.0,0.0,0.7,interested,ejaculation
35758,0.54,0.0,0.71,POSITIVE,ADJ,PROPN,ADJ,1.0,0.0,0.7,interested,recreational
35759,0.54,0.46,0.71,POSITIVE,NOUN,INTJ,NOUN,2.0,0.0,0.7,interested,goodness
35760,0.54,0.0,0.71,POSITIVE,NOUN,NOUN,NOUN,1.0,0.0,0.7,interested,recreation
35761,0.54,0.0,0.71,POSITIVE,ADJ,ADJ,ADJ,2.0,0.25,0.7,interested,recognizable
35762,0.54,0.0,0.71,POSITIVE,NOUN,ADJ,NOUN,1.0,0.0,0.7,interested,recipient
35763,0.54,0.0,0.71,POSITIVE,NOUN,NOUN,NOUN,1.0,0.0,0.7,interested,reconciliation
35764,0.54,0.0,0.71,POSITIVE,NOUN,PROPN,NOUN,1.0,0.0,0.7,interested,cradle
35765,0.54,0.0,0.71,POSITIVE,NOUN,NOUN,NOUN,1.0,0.0,0.7,interested,addresses
35766,0.54,0.0,0.71,POSITIVE,NOUN,PROPN,VERB,1.0,0.0,0.7,interested,reconstruct
35767,0.54,0.0,0.71,POSITIVE,NOUN,PROPN,NOUN,1.0,0.0,0.7,interested,recombination
35768,0.54,0.59,0.71,POSITIVE,VERB,VERB,NOUN,1.0,0.0,0.7,interested,rejoicing
35769,0.54,0.0,0.71,POSITIVE,NOUN,PROPN,VERB,1.0,0.0,0.7,interested,rekindle
35770,0.54,0.44,0.71,POSITIVE,NOUN,VERB,VERB,2.0,0.0,0.7,interested,rejoice
35771,0.54,0.0,0.71,POSITIVE,NOUN,PROPN,NOUN,1.0,0.0,0.7,interested,journey
35772,0.54,0.46,0.71,POSITIVE,NOUN,PROPN,ADJ,2.0,1.0,0.7,interested,glad
35773,0.54,0.0,0.71,POSITIVE,NOUN,NOUN,NOUN,1.0,0.0,0.7,interested,cream
35774,0.54,0.0,0.71,POSITIVE,NOUN,PROPN,NOUN,1.0,0.0,0.7,interested,glimmer
35775,0.54,0.0,0.71,POSITIVE,NOUN,NOUN,NOUN,1.0,0.0,0.7,interested,rehabilitation
35776,0.54,0.0,0.71,POSITIVE,NOUN,NOUN,NOUN,1.0,0.0,0.7,interested,glide
35777,0.54,0.0,0.71,POSITIVE,NOUN,VERB,VERB,1.0,0.0,0.7,interested,accelerate
35778,0.54,0.0,0.71,POSITIVE,NOUN,NOUN,NOUN,1.0,0.0,0.7,interested,emancipation
35779,0.54,0.0,0.71,POSITIVE,NOUN,NOUN,NOUN,1.0,0.0,0.7,interested,abundance
35780,0.54,0.0,0.71,POSITIVE,NOUN,PROPN,NOUN,1.0,0.0,0.7,interested,remedy
35781,0.54,0.44,0.71,POSITIVE,NOUN,NOUN,NOUN,1.0,0.0,0.7,interested,gift
35782,0.54,0.0,0.71,POSITIVE,NOUN,NOUN,NOUN,1.0,0.0,0.7,interested,regularity
35783,0.54,0.32,0.71,POSITIVE,NOUN,PROPN,VERB,1.0,0.0,0.7,interested,embrace
35784,0.54,0.48,0.71,POSITIVE,NOUN,NOUN,NOUN,2.0,0.0,0.7,interested,elegance
35785,0.54,0.0,0.71,POSITIVE,VERB,VERB,VERB,1.0,0.0,0.7,interested,acquiring
35786,0.54,0.0,0.71,POSITIVE,NOUN,NOUN,NOUN,2.0,0.0,0.7,interested,achievement
35787,0.54,0.27,0.71,POSITIVE,NOUN,PROPN,PROPN,1.0,0.0,0.7,interested,god
35788,0.54,0.44,0.71,POSITIVE,ADJ,ADJ,ADJ,2.0,0.6,0.7,interested,good
35789,0.54,-0.2,0.71,NEGATIVE,NOUN,PROPN,NOUN,1.0,0.0,0.7,interested,cramp
35790,0.54,0.0,0.71,POSITIVE,NOUN,ADJ,ADJ,1.0,0.0,0.7,interested,recurrent
35791,0.54,0.0,0.71,POSITIVE,NOUN,PROPN,NOUN,1.0,0.0,0.7,interested,judiciary
35792,0.54,0.0,0.71,POSITIVE,NOUN,PROPN,VERB,1.0,0.0,0.7,interested,crave
35793,0.54,0.54,0.71,POSITIVE,NOUN,NOUN,NOUN,1.0,0.0,0.7,interested,glory
35794,0.54,0.57,0.71,POSITIVE,NOUN,PROPN,VERB,2.0,0.0,0.7,interested,glorify
35795,0.54,0.0,0.71,POSITIVE,NOUN,PROPN,PROPN,1.0,0.0,0.7,interested,regatta
35796,0.54,0.0,0.71,POSITIVE,NOUN,PROPN,NOUN,2.0,0.0,0.7,interested,accolade
35797,0.54,0.0,0.71,POSITIVE,VERB,VERB,NOUN,1.0,0.0,0.7,interested,craving
35798,0.54,0.0,0.71,POSITIVE,NOUN,PROPN,ADJ,1.0,0.0,0.7,interested,judicial
35799,0.54,0.0,0.71,POSITIVE,NOUN,PROPN,NOUN,1.0,0.0,0.7,interested,accompaniment
35800,0.54,0.0,0.71,NEGATIVE,NOUN,NOUN,NOUN,1.0,0.0,0.7,interested,craps
35801,0.54,0.0,0.71,POSITIVE,NOUN,NOUN,NOUN,1.0,0.0,0.7,interested,elevation
35802,0.54,0.0,0.71,POSITIVE,NOUN,PROPN,PROPN,2.0,0.0,0.7,interested,elite
35803,0.54,0.0,0.71,POSITIVE,NOUN,PROPN,NOUN,2.0,0.0,0.7,interested,glow
35804,0.54,0.0,0.71,POSITIVE,NOUN,PROPN,PROPN,1.0,0.0,0.7,interested,amour
35805,0.54,0.0,0.71,NEGATIVE,NOUN,PROPN,VERB,1.0,0.0,0.7,interested,pry
35806,0.54,0.0,0.71,POSITIVE,NOUN,PROPN,NOUN,1.0,0.0,0.7,interested,council
35807,0.54,0.0,0.71,POSITIVE,NOUN,ADJ,ADJ,1.0,0.07,0.7,interested,public
35808,0.54,0.48,0.71,POSITIVE,NOUN,ADJ,ADJ,2.0,1.0,0.7,interested,proud
35809,0.54,0.0,0.71,POSITIVE,NOUN,NOUN,NOUN,1.0,0.0,0.7,interested,analyst
35810,0.54,0.0,0.71,POSITIVE,VERB,VERB,VERB,1.0,0.0,0.7,interested,providing
35811,0.54,0.0,0.71,NEGATIVE,NOUN,PROPN,PROPN,1.0,0.0,0.7,interested,aloha
35812,0.54,0.0,0.71,NEGATIVE,NOUN,NOUN,NOUN,1.0,0.0,0.7,interested,punt
35813,0.54,0.0,0.71,POSITIVE,ADJ,PROPN,NOUN,1.0,0.0,0.7,interested,puppy
35814,0.54,0.42,0.71,POSITIVE,NOUN,PROPN,NOUN,1.0,0.0,0.7,interested,kiss
35815,0.54,0.0,0.71,POSITIVE,NOUN,NOUN,NOUN,1.0,0.0,0.7,interested,allure
35816,0.54,0.0,0.71,NEGATIVE,NOUN,PROPN,NOUN,1.0,0.0,0.7,interested,guillotine
35817,0.54,0.0,0.71,POSITIVE,NOUN,NOUN,PROPN,1.0,0.0,0.7,interested,countdown
35818,0.54,0.0,0.71,POSITIVE,NOUN,NOUN,NOUN,2.0,0.0,0.7,interested,ambition
35819,0.54,-0.46,0.71,NEGATIVE,VERB,VERB,VERB,0.0,0.0,0.7,interested,punished
35820,0.54,0.0,0.71,NEGATIVE,NOUN,PROPN,NOUN,1.0,0.0,0.7,interested,duel
35821,0.54,0.0,0.71,POSITIVE,ADJ,ADJ,ADJ,1.0,0.0,0.7,interested,punctual
35822,0.54,0.0,0.71,POSITIVE,VERB,VERB,VERB,1.0,0.0,0.7,interested,happen
35823,0.54,0.0,0.71,POSITIVE,NOUN,NOUN,NOUN,1.0,0.0,0.7,interested,draft
35824,0.54,0.0,0.71,POSITIVE,NOUN,X,PROPN,1.0,0.0,0.7,interested,hap
35825,0.54,0.0,0.71,POSITIVE,NOUN,PROPN,NOUN,1.0,0.0,0.7,interested,prologue
35826,0.54,0.0,0.71,NEGATIVE,VERB,VERB,NOUN,1.0,0.0,0.7,interested,hankering
35827,0.54,0.0,0.71,NEGATIVE,NOUN,PROPN,NOUN,1.0,0.0,0.7,interested,labyrinth
35828,0.54,0.0,0.71,POSITIVE,NOUN,PROPN,PROPN,1.0,0.0,0.7,interested,dove
35829,0.54,0.0,0.71,POSITIVE,NOUN,NOUN,NOUN,0.0,0.0,0.7,interested,prognosis
35830,0.54,0.0,0.71,POSITIVE,ADJ,ADJ,ADJ,1.0,0.0,0.7,interested,prognostic
35831,0.54,0.0,0.71,POSITIVE,NOUN,NOUN,NOUN,1.0,0.0,0.7,interested,antidote
35832,0.54,0.57,0.71,POSITIVE,ADJ,ADJ,ADJ,2.0,1.0,0.7,interested,happy
35833,0.54,0.56,0.71,POSITIVE,NOUN,NOUN,NOUN,2.0,0.2,0.7,interested,happiness
35834,0.54,0.0,0.71,POSITIVE,NOUN,PROPN,ADJ,1.0,0.0,0.7,interested,anticipatory
35835,0.54,0.42,0.71,POSITIVE,NOUN,NOUN,NOUN,1.0,0.0,0.7,interested,progress
35836,0.54,0.1,0.71,POSITIVE,NOUN,NOUN,NOUN,1.0,0.0,0.7,interested,anticipation
35837,0.54,0.0,0.71,POSITIVE,NOUN,NOUN,NOUN,1.0,0.0,0.7,interested,progression
35838,0.54,0.0,0.71,NEGATIVE,NOUN,PROPN,NOUN,1.0,0.0,0.7,interested,harbinger
35839,0.54,0.0,0.71,POSITIVE,NOUN,PROPN,NOUN,2.0,0.0,0.7,interested,angel
35840,0.54,0.0,0.71,POSITIVE,VERB,VERB,NOUN,1.0,0.0,0.7,interested,angling
35841,0.54,0.0,0.71,POSITIVE,ADV,ADV,ADV,1.0,0.0,0.7,interested,prospectively
35842,0.54,0.0,0.71,POSITIVE,ADJ,ADJ,ADJ,1.0,0.0,0.7,interested,habitual
35843,0.54,0.0,0.71,POSITIVE,NOUN,PROPN,VERB,1.0,0.0,0.7,interested,prosper
35844,0.54,-0.44,0.71,NEGATIVE,NOUN,PROPN,ADJ,0.0,1.0,0.7,interested,dreadful
35845,0.54,0.0,0.71,POSITIVE,NOUN,NOUN,NOUN,1.0,0.0,0.7,interested,announcement
35846,0.54,-0.46,0.71,NEGATIVE,NOUN,PROPN,NOUN,0.0,0.0,0.7,interested,dread
35847,0.54,0.0,0.71,POSITIVE,NOUN,NOUN,NOUN,1.0,0.0,0.7,interested,prophet
35848,0.54,0.0,0.71,POSITIVE,ADJ,PROPN,ADJ,1.0,0.0,0.7,interested,prophetic
35849,0.54,0.0,0.71,POSITIVE,ADJ,PROPN,ADJ,1.0,0.0,0.7,interested,prophylactic
35850,0.54,0.0,0.71,NEGATIVE,NOUN,NOUN,NOUN,1.0,0.0,0.7,interested,labor
35851,0.54,0.0,0.71,POSITIVE,NOUN,NOUN,NOUN,1.0,0.0,0.7,interested,prophecy
35852,0.54,0.15,0.71,POSITIVE,NOUN,NOUN,PROPN,1.0,0.0,0.7,interested,rapture
35853,0.54,0.0,0.71,POSITIVE,VERB,VERB,NOUN,1.0,0.0,0.7,interested,grasping
35854,0.54,0.0,0.71,POSITIVE,NOUN,NOUN,NOUN,1.0,0.0,0.7,interested,advocacy
35855,0.54,0.0,0.71,NEGATIVE,VERB,VERB,VERB,1.0,0.0,0.7,interested,raving
15194,0.61,0.0,0.29,POSITIVE,NOUN,NOUN,PROPN,1.0,0.0,0.48,neg hp,aaaaaaah
15195,0.52,-0.44,0.24,NEGATIVE,NOUN,PROPN,VERB,1.0,0.0,0.05,neg hp,abandon
15196,0.64,0.0,0.31,NEGATIVE,VERB,VERB,ADJ,1.0,0.0,0.18,neg hp,abashed
15197,0.77,0.0,0.43,NEGATIVE,NOUN,ADJ,ADJ,1.0,0.0,0.15,neg hp,aberrant
15198,0.82,0.0,0.42,NEGATIVE,NOUN,NOUN,NOUN,1.0,0.0,0.12,neg hp,aberration
15199,0.51,0.0,0.29,NEGATIVE,NOUN,NOUN,NOUN,1.0,0.0,0.33,neg hp,abeyance
15200,0.6,-0.46,0.35,NEGATIVE,NOUN,PROPN,VERB,1.0,0.0,0.12,neg hp,abhor
15201,0.68,0.0,0.42,NEGATIVE,NOUN,NOUN,NOUN,0.0,0.0,0.17,neg hp,abhorrence
15202,0.75,-0.62,0.47,NEGATIVE,NOUN,PROPN,ADJ,0.0,0.8,0.23,neg hp,abhorrent
15203,0.59,0.0,0.42,NEGATIVE,NOUN,PROPN,ADJ,0.0,0.0,0.35,neg hp,abject
15204,0.5,0.0,0.5,NEGATIVE,NOUN,NOUN,NOUN,1.0,0.0,0.42,neg hp,ablation
15205,0.6,0.0,0.31,NEGATIVE,ADJ,ADJ,ADJ,1.0,0.0,0.14,neg hp,abnormal
15206,0.66,0.0,0.38,NEGATIVE,NOUN,NOUN,NOUN,1.0,0.0,0.09,neg hp,abnormality
15207,0.73,0.0,0.48,NEGATIVE,ADJ,ADJ,ADJ,1.0,0.0,0.12,neg hp,abominable
15208,0.79,0.0,0.37,NEGATIVE,NOUN,PROPN,PROPN,1.0,0.0,0.2,neg hp,abominate
15209,0.69,0.0,0.43,NEGATIVE,NOUN,PROPN,VERB,0.0,0.0,0.15,neg hp,abort
15210,0.77,0.0,0.28,NEGATIVE,NOUN,NOUN,NOUN,1.0,0.0,0.08,neg hp,abortion
15211,0.78,0.0,0.28,NEGATIVE,ADJ,ADJ,ADJ,1.0,0.0,0.09,neg hp,abortive
15212,0.59,0.0,0.44,NEGATIVE,NOUN,NOUN,NOUN,1.0,0.0,0.41,neg hp,abrasion
15213,0.51,0.0,0.46,POSITIVE,NOUN,PROPN,NOUN,1.0,0.0,0.48,neg hp,absinthe
15214,0.66,0.0,0.28,NEGATIVE,NOUN,ADJ,ADJ,0.0,1.0,0.19,neg hp,absurd
15215,0.53,0.0,0.23,NEGATIVE,NOUN,NOUN,NOUN,0.0,0.0,0.12,neg hp,absurdity
15216,0.87,-0.64,0.47,NEGATIVE,NOUN,NOUN,NOUN,0.0,0.0,0.07,neg hp,abuse
15217,0.87,-0.51,0.23,NEGATIVE,VERB,VERB,VERB,0.0,0.0,0.02,neg hp,abused
15218,0.72,0.0,0.3,NEGATIVE,NOUN,PROPN,NOUN,1.0,0.0,0.35,neg hp,abyss
15219,0.91,-0.48,0.34,NEGATIVE,NOUN,NOUN,NOUN,0.0,0.0,0.12,neg hp,accident
15220,0.78,-0.08,0.31,NEGATIVE,NOUN,PROPN,ADJ,1.0,0.0,0.32,neg hp,accidental
15221,0.74,-0.34,0.33,NEGATIVE,ADV,ADV,ADV,1.0,0.0,0.33,neg hp,accidentally
15222,0.74,0.0,0.34,POSITIVE,VERB,VERB,VERB,1.0,0.0,0.14,neg hp,accursed
15223,0.76,0.0,0.48,POSITIVE,ADJ,PROPN,NOUN,1.0,0.0,0.2,neg hp,accusative
15224,0.75,-0.2,0.5,NEGATIVE,NOUN,PROPN,VERB,1.0,0.0,0.13,neg hp,accuse
15225,0.67,-0.3,0.42,NEGATIVE,VERB,VERB,VERB,1.0,0.0,0.13,neg hp,accused
15226,0.74,-0.18,0.32,NEGATIVE,VERB,VERB,VERB,1.0,0.0,0.16,neg hp,accusing
15227,0.76,-0.38,0.31,NEGATIVE,NOUN,PROPN,NOUN,0.0,0.0,0.15,neg hp,ache
15228,0.88,-0.49,0.35,NEGATIVE,VERB,VERB,VERB,1.0,0.0,0.05,neg hp,aching
15229,0.84,0.0,0.37,POSITIVE,NOUN,ADV,ADJ,1.0,0.0,0.17,neg hp,achy
15230,0.66,0.0,0.36,NEGATIVE,NOUN,NOUN,NOUN,1.0,0.0,0.16,neg hp,acidity
15231,0.54,0.0,0.49,POSITIVE,ADV,ADV,ADV,0.0,0.9,0.42,neg hp,acutely
15232,0.7,0.0,0.33,NEGATIVE,NOUN,PROPN,NOUN,0.0,0.0,0.07,neg hp,addict
15233,0.71,0.0,0.48,POSITIVE,VERB,VERB,ADJ,0.0,0.6,0.16,neg hp,addicted
15234,0.81,0.0,0.42,NEGATIVE,NOUN,NOUN,NOUN,1.0,0.0,0.18,neg hp,addiction
15235,0.51,0.0,0.37,POSITIVE,NOUN,NOUN,PROPN,1.0,0.0,0.44,neg hp,adjournment
15236,0.61,0.0,0.46,POSITIVE,NOUN,NOUN,NOUN,1.0,0.0,0.36,neg hp,admonition
15237,0.69,0.0,0.44,POSITIVE,NOUN,NOUN,NOUN,1.0,0.0,0.49,neg hp,adolescence
15238,0.86,0.0,0.37,POSITIVE,VERB,VERB,VERB,0.0,0.0,0.19,neg hp,adulterated
15239,0.81,0.0,0.41,NEGATIVE,NOUN,PROPN,NOUN,1.0,0.0,0.23,neg hp,adulterer
15240,0.78,-0.2,0.46,NEGATIVE,NOUN,PROPN,NOUN,1.0,0.0,0.35,neg hp,adversary
15241,0.61,-0.36,0.39,NEGATIVE,NOUN,ADJ,ADJ,1.0,0.0,0.32,neg hp,adverse
15242,0.57,0.0,0.39,POSITIVE,VERB,VERB,VERB,1.0,0.0,0.35,neg hp,affecting
15243,0.56,0.0,0.29,NEGATIVE,NOUN,ADJ,VERB,1.0,0.0,0.3,neg hp,afflict
15244,0.5,-0.36,0.17,NEGATIVE,VERB,VERB,VERB,1.0,0.0,0.27,neg hp,afflicted
15245,0.64,0.0,0.39,NEGATIVE,NOUN,NOUN,NOUN,1.0,0.0,0.29,neg hp,affliction
15246,0.78,0.0,0.24,NEGATIVE,NOUN,ADJ,ADJ,1.0,0.9,0.01,neg hp,afraid
15247,0.77,-0.54,0.46,NEGATIVE,NOUN,PROPN,VERB,1.0,0.0,0.22,neg hp,aggravate
15248,0.76,-0.44,0.43,NEGATIVE,VERB,VERB,VERB,0.0,0.0,0.08,neg hp,aggravated
15249,0.78,-0.44,0.36,NEGATIVE,NOUN,NOUN,VERB,0.0,0.0,0.11,neg hp,aggravates
15250,0.5,0.0,0.4,POSITIVE,NOUN,PROPN,INTJ,1.0,0.0,0.26,neg hp,agh
15251,0.86,-0.44,0.46,NEGATIVE,NOUN,NOUN,ADJ,1.0,0.9,0.13,neg hp,aghast
15252,0.64,0.0,0.24,NEGATIVE,NOUN,PROPN,PROPN,1.0,0.0,0.28,neg hp,aghhh
15253,0.88,-0.46,0.49,NEGATIVE,VERB,VERB,ADJ,0.0,0.0,0.44,neg hp,agitated
15254,0.93,-0.25,0.45,NEGATIVE,NOUN,NOUN,NOUN,1.0,0.0,0.24,neg hp,agitation
15255,0.8,-0.57,0.34,NEGATIVE,VERB,PROPN,ADJ,0.0,0.0,0.08,neg hp,agonizing
15256,0.78,-0.42,0.39,NEGATIVE,NOUN,PROPN,NOUN,0.0,0.0,0.08,neg hp,agony
15257,0.71,0.0,0.44,NEGATIVE,NOUN,PROPN,NOUN,0.0,0.0,0.13,neg hp,agoraphobia
15258,0.52,0.0,0.15,NEGATIVE,VERB,VERB,VERB,1.0,0.0,0.09,neg hp,ailing
15259,0.73,0.0,0.28,NEGATIVE,NOUN,NOUN,NOUN,1.0,0.0,0.15,neg hp,ailment
15260,0.52,0.0,0.45,NEGATIVE,NOUN,NOUN,NOUN,1.0,0.0,0.4,neg hp,airlock
15261,0.82,-0.34,0.49,NEGATIVE,ADJ,VERB,VERB,1.0,0.0,0.19,neg hp,alarmed
15262,0.67,0.0,0.38,NEGATIVE,NOUN,PROPN,NOUN,1.0,0.0,0.32,neg hp,alcohol
15263,0.69,0.0,0.36,NEGATIVE,ADJ,PROPN,ADJ,1.0,0.5,0.15,neg hp,alcoholic
15264,0.78,0.0,0.41,NEGATIVE,NOUN,NOUN,NOUN,0.0,0.0,0.06,neg hp,alcoholism
15265,0.61,0.0,0.49,NEGATIVE,NOUN,PROPN,ADJ,1.0,0.75,0.41,neg hp,alien
15266,0.53,-0.27,0.46,NEGATIVE,NOUN,NOUN,NOUN,0.0,0.0,0.38,neg hp,alienation
15267,0.56,0.0,0.4,POSITIVE,NOUN,NOUN,NOUN,1.0,0.0,0.43,neg hp,alkaloids
15268,0.55,-0.3,0.27,NEGATIVE,NOUN,ADJ,ADJ,0.0,0.0,0.14,neg hp,allergic
15269,0.61,0.0,0.39,POSITIVE,NOUN,PROPN,NOUN,1.0,0.0,0.3,neg hp,allergy
15270,0.5,0.0,0.35,NEGATIVE,NOUN,PROPN,NOUN,1.0,0.0,0.35,neg hp,alley
15271,0.81,0.0,0.5,NEGATIVE,NOUN,NOUN,NOUN,1.0,0.0,0.17,neg hp,altercation
15272,0.77,0.0,0.5,POSITIVE,VERB,VERB,VERB,1.0,0.0,0.26,neg hp,altered
15273,0.52,0.0,0.32,NEGATIVE,NOUN,NOUN,NOUN,1.0,0.0,0.19,neg hp,alzheimers
15274,0.5,0.0,0.41,NEGATIVE,NOUN,PROPN,NOUN,1.0,0.25,0.47,neg hp,amateur
15275,0.83,0.0,0.5,NEGATIVE,NOUN,PROPN,NOUN,1.0,0.0,0.28,neg hp,ambush
15276,0.59,0.0,0.41,NEGATIVE,NOUN,PROPN,NOUN,1.0,0.0,0.29,neg hp,ammonia
15277,0.76,0.0,0.48,NEGATIVE,NOUN,NOUN,NOUN,0.0,0.0,0.1,neg hp,amputation
15278,0.6,0.0,0.32,POSITIVE,NOUN,PROPN,ADJ,1.0,0.0,0.39,neg hp,amuck
15279,0.8,0.0,0.33,POSITIVE,ADJ,ADJ,NOUN,1.0,0.0,0.33,neg hp,anal
15280,0.59,0.0,0.5,POSITIVE,ADJ,PROPN,ADJ,0.0,0.0,0.38,neg hp,anaphylactic
15281,0.63,0.0,0.48,NEGATIVE,NOUN,ADJ,NOUN,1.0,0.0,0.26,neg hp,angermanagement
15282,0.63,0.0,0.46,NEGATIVE,NOUN,PROPN,NOUN,0.0,0.0,0.23,neg hp,angina
15283,0.52,0.0,0.47,NEGATIVE,NOUN,PROPN,NOUN,1.0,0.0,0.35,neg hp,angiogram
15284,0.89,-0.62,0.43,NEGATIVE,NOUN,NOUN,ADJ,0.0,0.0,0.09,neg hp,angriest
15285,0.64,0.0,0.47,NEGATIVE,NOUN,PROPN,ADJ,1.0,0.0,0.27,neg hp,angrytweet
15286,0.89,0.0,0.33,NEGATIVE,NOUN,PROPN,NOUN,1.0,0.0,0.17,neg hp,angst
15287,0.79,-0.6,0.27,NEGATIVE,NOUN,PROPN,NOUN,0.0,0.0,0.15,neg hp,anguish
15288,0.72,-0.42,0.31,NEGATIVE,VERB,VERB,ADJ,0.0,0.0,0.14,neg hp,anguished
15289,0.61,0.0,0.42,POSITIVE,NOUN,PROPN,NOUN,1.0,0.0,0.43,neg hp,annals
15290,0.76,0.0,0.32,NEGATIVE,VERB,VERB,VERB,0.0,0.0,0.08,neg hp,annihilated
15291,0.77,-0.44,0.29,NEGATIVE,NOUN,PROPN,VERB,1.0,0.0,0.09,neg hp,annoy
15292,0.72,-0.32,0.34,NEGATIVE,NOUN,NOUN,NOUN,0.0,0.0,0.17,neg hp,annoyance
15293,0.78,-0.38,0.34,NEGATIVE,NOUN,ADJ,ADJ,0.0,0.8,0.1,neg hp,annoyed
11928,0.33,0.0,0.75,POSITIVE,VERB,VERB,NOUN,1.0,0.0,0.8,pos hp,abiding
11929,0.5,0.0,0.81,POSITIVE,ADJ,ADJ,ADJ,2.0,0.62,0.79,pos hp,able
11930,0.3,0.0,0.5,POSITIVE,NOUN,PROPN,NOUN,1.0,0.0,0.62,pos hp,abode
11931,0.3,0.0,0.51,POSITIVE,VERB,VERB,ADJ,1.0,0.0,0.54,pos hp,abovementioned
11932,0.38,0.0,0.52,POSITIVE,NOUN,ADP,NOUN,1.0,0.0,0.64,pos hp,abreast
11933,0.39,0.0,0.72,POSITIVE,NOUN,PROPN,ADJ,1.0,0.0,0.55,pos hp,absorbent
11934,0.42,0.0,0.81,POSITIVE,ADJ,PROPN,ADJ,1.0,0.0,0.78,pos hp,academic
11935,0.47,0.0,0.79,POSITIVE,NOUN,PROPN,NOUN,1.0,0.0,0.7,pos hp,academy
11936,0.36,0.0,0.51,POSITIVE,NOUN,NOUN,NOUN,1.0,0.0,0.6,pos hp,accent
11937,0.29,0.38,0.56,POSITIVE,NOUN,VERB,VERB,1.0,0.0,0.85,pos hp,accept
11938,0.29,0.32,0.58,NEGATIVE,ADJ,ADJ,ADJ,2.0,0.0,0.81,pos hp,acceptable
11939,0.29,0.46,0.76,POSITIVE,NOUN,PROPN,NOUN,1.0,0.0,0.83,pos hp,acceptance
11940,0.41,0.4,0.65,POSITIVE,NOUN,NOUN,NOUN,1.0,0.0,0.85,pos hp,acceptances
11941,0.47,0.0,0.57,POSITIVE,NOUN,NOUN,NOUN,1.0,0.0,0.71,pos hp,access
11942,0.41,0.0,0.65,POSITIVE,ADJ,ADJ,ADJ,2.0,0.38,0.8,pos hp,accessible
11943,0.38,0.0,0.64,POSITIVE,NOUN,NOUN,NOUN,1.0,0.0,0.61,pos hp,accession
11944,0.38,0.0,0.57,POSITIVE,NOUN,VERB,VERB,1.0,0.0,0.84,pos hp,accommodate
11945,0.41,0.0,0.59,POSITIVE,NOUN,NOUN,NOUN,1.0,0.0,0.82,pos hp,accommodation
11946,0.48,0.0,0.69,POSITIVE,NOUN,PROPN,NOUN,1.0,0.0,0.74,pos hp,accompaniment
11947,0.41,0.0,0.58,POSITIVE,NOUN,PROPN,VERB,1.0,0.0,0.83,pos hp,accompany
11948,0.46,0.0,0.58,POSITIVE,VERB,VERB,VERB,1.0,0.0,0.79,pos hp,accompanying
11949,0.35,0.0,0.6,POSITIVE,NOUN,NOUN,NOUN,1.0,0.0,0.66,pos hp,accordance
11950,0.28,0.0,0.78,POSITIVE,ADJ,ADJ,ADJ,2.0,0.0,0.71,pos hp,accountable
11951,0.39,0.0,0.68,POSITIVE,NOUN,NOUN,NOUN,1.0,0.0,0.55,pos hp,accounting
11952,0.48,0.0,0.77,POSITIVE,VERB,ADJ,VERB,1.0,0.0,0.67,pos hp,accredited
11953,0.48,0.0,0.8,POSITIVE,NOUN,NOUN,NOUN,2.0,0.0,0.6,pos hp,accuracy
11954,0.36,0.0,0.74,POSITIVE,NOUN,ADJ,ADJ,2.0,0.63,0.74,pos hp,accurate
11955,0.48,0.0,0.55,POSITIVE,NOUN,X,NOUN,1.0,0.0,0.64,pos hp,ace
11956,0.37,0.0,0.66,POSITIVE,NOUN,PROPN,VERB,1.0,0.0,0.79,pos hp,acknowledge
11957,0.44,0.0,0.77,POSITIVE,VERB,VERB,VERB,1.0,0.0,0.71,pos hp,acknowledged
11958,0.46,0.0,0.54,POSITIVE,ADJ,PROPN,ADJ,1.0,0.0,0.54,pos hp,acoustic
11959,0.33,0.0,0.51,POSITIVE,NOUN,NOUN,NOUN,1.0,0.0,0.61,pos hp,acoustics
11960,0.49,0.0,0.64,POSITIVE,NOUN,PROPN,VERB,1.0,0.0,0.65,pos hp,acquaint
11961,0.29,0.0,0.67,POSITIVE,NOUN,PROPN,NOUN,1.0,0.0,0.66,pos hp,acquaintance
11962,0.36,0.0,0.63,POSITIVE,VERB,VERB,ADJ,1.0,0.6,0.91,pos hp,acquainted
11963,0.48,0.0,0.55,POSITIVE,NOUN,PROPN,NOUN,1.0,0.0,0.54,pos hp,acquiescence
11964,0.47,0.0,0.7,POSITIVE,VERB,PROPN,VERB,1.0,0.0,0.83,pos hp,acquire
11965,0.5,0.0,0.7,POSITIVE,NOUN,PROPN,NOUN,1.0,0.0,0.76,pos hp,acquittal
11966,0.45,0.0,0.53,POSITIVE,NOUN,PROPN,NOUN,1.0,0.0,0.74,pos hp,acreage
11967,0.36,0.0,0.5,POSITIVE,NOUN,NOUN,NOUN,1.0,0.0,0.51,pos hp,acres
11968,0.4,0.0,0.72,POSITIVE,ADJ,ADJ,ADJ,1.0,0.1,0.73,pos hp,actual
11969,0.46,0.0,0.6,POSITIVE,NOUN,NOUN,NOUN,1.0,0.0,0.75,pos hp,actuality
11970,0.32,0.0,0.55,POSITIVE,NOUN,NOUN,NOUN,1.0,0.0,0.53,pos hp,acupuncture
11971,0.41,0.0,0.57,POSITIVE,NOUN,NOUN,NOUN,1.0,0.0,0.52,pos hp,adage
11972,0.35,0.0,0.55,POSITIVE,NOUN,PROPN,VERB,1.0,0.0,0.74,pos hp,adapt
11973,0.42,0.0,0.64,POSITIVE,ADJ,ADJ,ADJ,2.0,0.0,0.73,pos hp,adaptable
11974,0.36,0.0,0.61,POSITIVE,NOUN,NOUN,NOUN,1.0,0.0,0.66,pos hp,adaptation
11975,0.49,0.0,0.55,POSITIVE,VERB,VERB,VERB,2.0,0.0,0.73,pos hp,add
11976,0.41,0.0,0.51,POSITIVE,VERB,VERB,VERB,1.0,0.0,0.56,pos hp,added
11977,0.46,0.0,0.53,POSITIVE,ADJ,ADJ,ADJ,1.0,0.0,0.67,pos hp,additional
11978,0.33,0.0,0.57,POSITIVE,NOUN,NOUN,NOUN,1.0,0.0,0.65,pos hp,address
11979,0.38,0.0,0.54,POSITIVE,NOUN,PROPN,NOUN,1.0,0.0,0.62,pos hp,addressee
11980,0.26,0.23,0.7,POSITIVE,NOUN,ADJ,ADJ,1.0,0.33,0.85,pos hp,adequate
11981,0.34,0.0,0.55,POSITIVE,ADV,PROPN,VERB,1.0,0.0,0.63,pos hp,adhere
11982,0.31,0.0,0.63,POSITIVE,NOUN,NOUN,NOUN,1.0,0.0,0.76,pos hp,adherence
11983,0.39,0.0,0.56,POSITIVE,NOUN,PROPN,NOUN,1.0,0.0,0.56,pos hp,adherent
11984,0.45,0.0,0.59,POSITIVE,NOUN,NOUN,NOUN,1.0,0.0,0.52,pos hp,adhesion
11985,0.28,0.0,0.54,POSITIVE,NOUN,ADJ,ADJ,1.0,0.0,0.65,pos hp,adjacent
11986,0.32,0.0,0.57,POSITIVE,ADJ,ADJ,NOUN,1.0,0.0,0.57,pos hp,adjective
11987,0.46,0.0,0.69,POSITIVE,NOUN,PROPN,NOUN,1.0,0.0,0.55,pos hp,adjudication
11988,0.33,0.0,0.64,POSITIVE,NOUN,VERB,VERB,1.0,0.0,0.65,pos hp,adjust
11989,0.42,0.0,0.85,POSITIVE,NOUN,PROPN,PROPN,1.0,0.0,0.69,pos hp,admin
11990,0.42,0.0,0.86,POSITIVE,NOUN,PROPN,VERB,1.0,0.0,0.64,pos hp,administer
11991,0.4,0.0,0.79,POSITIVE,NOUN,NOUN,NOUN,1.0,0.0,0.62,pos hp,administration
11992,0.41,0.0,0.58,POSITIVE,ADJ,PROPN,ADJ,1.0,0.0,0.54,pos hp,administrative
11993,0.48,0.0,0.9,POSITIVE,NOUN,NOUN,NOUN,1.0,0.0,0.54,pos hp,administrator
11994,0.49,0.32,0.85,POSITIVE,ADJ,PROPN,PROPN,1.0,0.0,0.84,pos hp,admiral
11995,0.41,0.0,0.73,POSITIVE,NOUN,NOUN,NOUN,1.0,0.0,0.8,pos hp,admission
11996,0.42,0.2,0.67,POSITIVE,NOUN,VERB,VERB,1.0,0.0,0.54,pos hp,admit
11997,0.45,0.0,0.6,POSITIVE,NOUN,PROPN,NOUN,1.0,0.0,0.69,pos hp,admittance
11998,0.49,0.1,0.77,POSITIVE,VERB,VERB,VERB,1.0,0.0,0.72,pos hp,admitted
11999,0.5,0.0,0.55,POSITIVE,VERB,VERB,VERB,1.0,0.0,0.62,pos hp,admitting
12000,0.47,0.0,0.52,POSITIVE,ADJ,ADJ,NOUN,1.0,0.0,0.53,pos hp,adoptive
12001,0.44,0.56,0.66,POSITIVE,NOUN,PROPN,VERB,2.0,0.0,0.85,pos hp,adore
12002,0.49,0.0,0.79,POSITIVE,NOUN,NOUN,ADJ,1.0,0.3,0.81,pos hp,adult
12003,0.45,0.0,0.65,POSITIVE,NOUN,PROPN,NOUN,1.0,0.0,0.54,pos hp,adulthood
12004,0.47,0.0,0.86,POSITIVE,NOUN,PROPN,NOUN,1.0,0.0,0.67,pos hp,advance
12005,0.41,0.0,0.69,POSITIVE,NOUN,NOUN,NOUN,1.0,0.0,0.7,pos hp,advice
12006,0.48,0.0,0.51,POSITIVE,ADJ,ADJ,ADJ,1.0,0.0,0.87,pos hp,advisable
12007,0.39,0.0,0.7,POSITIVE,NOUN,PROPN,VERB,1.0,0.0,0.76,pos hp,advise
12008,0.33,0.0,0.51,POSITIVE,VERB,VERB,VERB,1.0,0.0,0.82,pos hp,advised
12009,0.23,0.0,0.66,POSITIVE,NOUN,NOUN,NOUN,1.0,0.0,0.7,pos hp,advisement
12010,0.36,0.0,0.7,POSITIVE,NOUN,NOUN,NOUN,1.0,0.0,0.74,pos hp,adviser
12011,0.35,0.0,0.69,POSITIVE,NOUN,PROPN,NOUN,1.0,0.0,0.65,pos hp,advisor
12012,0.43,0.0,0.63,POSITIVE,NOUN,PROPN,NOUN,1.0,0.0,0.66,pos hp,advisory
12013,0.44,0.0,0.53,POSITIVE,ADJ,ADJ,ADJ,1.0,0.0,0.71,pos hp,aesthetic
12014,0.33,0.0,0.55,POSITIVE,NOUN,NOUN,NOUN,1.0,0.0,0.85,pos hp,aesthetics
12015,0.46,0.0,0.66,NEGATIVE,NOUN,NOUN,NOUN,0.0,0.0,0.52,pos hp,affair
12016,0.42,0.44,0.55,POSITIVE,NOUN,ADJ,ADJ,2.0,0.0,0.95,pos hp,affectionate
12017,0.5,0.0,0.54,POSITIVE,NOUN,NOUN,NOUN,1.0,0.0,0.8,pos hp,affinity
12018,0.5,0.0,0.69,POSITIVE,NOUN,NOUN,NOUN,1.0,0.0,0.75,pos hp,affirmation
12019,0.5,0.0,0.81,POSITIVE,ADV,ADV,ADV,1.0,0.9,0.91,pos hp,affirmatively
12020,0.3,0.0,0.55,POSITIVE,NOUN,NOUN,NOUN,1.0,0.0,0.53,pos hp,agenda
12021,0.38,0.0,0.56,POSITIVE,NOUN,PROPN,NOUN,1.0,0.0,0.73,pos hp,aggregate
12022,0.26,0.36,0.55,POSITIVE,NOUN,VERB,VERB,1.0,0.0,0.91,pos hp,agree
12023,0.5,0.42,0.7,POSITIVE,ADJ,ADJ,ADJ,2.0,0.0,0.91,pos hp,agreeable
12024,0.45,0.27,0.57,POSITIVE,VERB,VERB,VERB,1.0,0.0,0.8,pos hp,agreed
12025,0.48,0.34,0.56,POSITIVE,VERB,VERB,VERB,1.0,0.0,0.85,pos hp,agreeing
12026,0.44,0.49,0.74,POSITIVE,NOUN,NOUN,NOUN,1.0,0.0,0.76,pos hp,agreement
12027,0.49,0.0,0.54,POSITIVE,NOUN,NOUN,NOUN,1.0,0.0,0.8,pos hp,aid
4452,0.78,-0.44,0.32,NEGATIVE,NOUN,PROPN,VERB,0.0,0.0,0.05,unconfident,belittle
4453,0.78,-0.57,0.32,NEGATIVE,NOUN,PROPN,NOUN,0.0,0.0,0.05,unconfident,travesty
4454,0.78,0.0,0.32,POSITIVE,NOUN,DET,DET,1.0,0.0,0.05,unconfident,each
4455,0.78,0.0,0.32,NEGATIVE,ADJ,ADJ,NOUN,1.0,0.0,0.05,unconfident,tortious
4456,0.78,0.0,0.32,NEGATIVE,NOUN,PROPN,NOUN,1.0,0.0,0.05,unconfident,cess
4457,0.78,-0.44,0.32,NEGATIVE,NOUN,PROPN,NOUN,0.0,0.0,0.05,unconfident,treason
4458,0.78,0.0,0.32,NEGATIVE,ADJ,ADJ,ADJ,0.0,0.0,0.05,unconfident,treacherous
4459,0.78,0.4,0.32,POSITIVE,NOUN,NOUN,VERB,2.0,0.0,0.05,unconfident,treat
4460,0.78,0.0,0.32,NEGATIVE,NOUN,PROPN,NOUN,1.0,0.0,0.05,unconfident,tribunal
4461,0.78,0.0,0.32,POSITIVE,NOUN,NOUN,NOUN,1.0,0.0,0.05,unconfident,morals
4462,0.78,0.0,0.32,NEGATIVE,ADJ,ADJ,ADJ,1.0,0.0,0.05,unconfident,nauseous
4463,0.78,0.0,0.32,NEGATIVE,NOUN,PROPN,PROPN,1.0,0.0,0.05,unconfident,morgue
4464,0.78,0.0,0.32,NEGATIVE,NOUN,NOUN,NOUN,0.0,0.0,0.05,unconfident,morbidity
4465,0.78,0.0,0.32,NEGATIVE,NOUN,PROPN,ADJ,0.0,0.0,0.05,unconfident,squeamish
4466,0.78,0.0,0.32,NEGATIVE,NOUN,NOUN,NOUN,1.0,0.0,0.05,unconfident,carnage
4467,0.78,0.0,0.32,POSITIVE,NOUN,NOUN,NOUN,0.0,0.0,0.05,unconfident,caries
4468,0.78,-0.27,0.32,NEGATIVE,NOUN,NOUN,NOUN,1.0,0.0,0.05,unconfident,trickery
4469,0.78,0.0,0.32,POSITIVE,NOUN,NOUN,NOUN,1.0,0.0,0.05,unconfident,tree
4470,0.78,0.0,0.32,NEGATIVE,NOUN,NOUN,NOUN,1.0,0.0,0.05,unconfident,mortification
4471,0.78,-0.44,0.32,NEGATIVE,NOUN,PROPN,NOUN,1.0,0.0,0.05,unconfident,chagrin
4472,0.78,0.0,0.32,NEGATIVE,NOUN,PROPN,NOUN,1.0,0.0,0.05,unconfident,mosquito
4473,0.78,-0.54,0.32,NEGATIVE,NOUN,PROPN,NOUN,0.0,0.0,0.05,unconfident,bastard
4474,0.78,0.0,0.32,NEGATIVE,NOUN,NOUN,NOUN,0.0,0.0,0.05,unconfident,nausea
4475,0.78,0.0,0.32,NEGATIVE,NOUN,NOUN,NOUN,0.0,0.0,0.05,unconfident,avarice
4476,0.78,0.0,0.32,POSITIVE,NOUN,NOUN,NOUN,1.0,0.0,0.05,unconfident,stools
4477,0.78,0.0,0.32,NEGATIVE,NOUN,PROPN,ADJ,0.0,0.0,0.05,unconfident,murky
4478,0.78,-0.64,0.32,NEGATIVE,ADJ,ADJ,ADJ,0.0,0.0,0.05,unconfident,murderous
4479,0.78,0.0,0.32,NEGATIVE,NOUN,ADJ,ADJ,0.0,0.0,0.05,unconfident,toxic
4480,0.78,-0.68,0.32,NEGATIVE,NOUN,NOUN,NOUN,0.0,0.0,0.05,unconfident,murderer
4481,0.78,0.0,0.32,POSITIVE,NOUN,PROPN,NOUN,1.0,0.0,0.05,unconfident,tramp
4482,0.78,-0.69,0.32,NEGATIVE,NOUN,NOUN,NOUN,0.0,0.0,0.05,unconfident,murder
4483,0.78,0.0,0.32,NEGATIVE,NOUN,NOUN,NOUN,1.0,0.0,0.05,unconfident,stomach
4484,0.78,-0.49,0.32,NEGATIVE,NOUN,NOUN,NOUN,1.0,0.0,0.05,unconfident,perpetrator
4485,0.78,0.0,0.32,NEGATIVE,NOUN,PROPN,ADJ,0.0,0.0,0.05,unconfident,musty
4486,0.78,0.0,0.32,NEGATIVE,NOUN,PROPN,NOUN,1.0,0.0,0.05,unconfident,mutiny
4487,0.78,0.0,0.32,POSITIVE,NOUN,PROPN,NOUN,1.0,0.0,0.05,unconfident,catechism
4488,0.78,0.0,0.32,NEGATIVE,NOUN,NOUN,NOUN,0.0,0.0,0.05,unconfident,mutilation
4489,0.78,0.0,0.32,NEGATIVE,VERB,ADJ,VERB,0.0,0.0,0.05,unconfident,mutilated
4490,0.78,-0.66,0.32,NEGATIVE,NOUN,NOUN,NOUN,0.0,0.0,0.05,unconfident,catastrophe
4491,0.78,0.0,0.32,NEGATIVE,NOUN,NOUN,NOUN,0.0,0.0,0.05,unconfident,traitor
4492,0.78,0.0,0.32,NEGATIVE,ADJ,ADJ,ADJ,1.0,0.0,0.05,unconfident,spurious
4493,0.78,-0.44,0.32,NEGATIVE,NOUN,NOUN,NOUN,1.0,0.0,0.05,unconfident,aversion
4494,0.78,-0.46,0.32,NEGATIVE,NOUN,ADJ,ADJ,1.0,1.0,0.05,unconfident,awful
4495,0.78,0.0,0.32,NEGATIVE,ADJ,PROPN,NOUN,1.0,0.0,0.05,unconfident,nappy
4496,0.78,0.0,0.32,NEGATIVE,ADJ,ADJ,NOUN,1.0,0.0,0.05,unconfident,mucous
4497,0.78,0.0,0.32,NEGATIVE,NOUN,PROPN,NOUN,1.0,0.0,0.05,unconfident,muck
4498,0.78,-0.46,0.32,NEGATIVE,NOUN,NOUN,VERB,1.0,0.0,0.05,unconfident,censor
4499,0.78,0.0,0.32,NEGATIVE,NOUN,PROPN,NOUN,1.0,0.0,0.05,unconfident,plague
4500,0.78,0.0,0.32,NEGATIVE,NOUN,PROPN,NOUN,1.0,0.0,0.05,unconfident,mouthful
4501,0.78,0.0,0.32,NEGATIVE,NOUN,NOUN,NOUN,0.0,0.0,0.05,unconfident,trash
4502,0.78,0.0,0.32,NEGATIVE,NOUN,NOUN,NOUN,1.0,0.0,0.05,unconfident,plagiarism
4503,0.78,0.0,0.32,NEGATIVE,NOUN,PROPN,ADJ,0.0,0.0,0.05,unconfident,trashy
4504,0.78,0.0,0.32,NEGATIVE,NOUN,PROPN,ADJ,0.0,0.0,0.05,unconfident,averse
4505,0.78,-0.56,0.32,NEGATIVE,ADJ,ADJ,ADJ,0.0,1.0,0.05,unconfident,nasty
4506,0.78,-0.6,0.32,NEGATIVE,NOUN,NOUN,NOUN,0.0,0.0,0.05,unconfident,torture
4507,0.78,-0.18,0.32,NEGATIVE,NOUN,NOUN,NOUN,1.0,0.0,0.05,unconfident,awkwardness
4508,0.78,0.0,0.32,NEGATIVE,NOUN,PROPN,ADJ,1.0,0.9,0.05,unconfident,nameless
4509,0.78,0.0,0.32,NEGATIVE,NOUN,PROPN,NOUN,1.0,0.0,0.05,unconfident,mucus
4510,0.78,0.0,0.32,NEGATIVE,NOUN,PROPN,ADJ,0.0,0.0,0.05,unconfident,muddy
4511,0.78,0.0,0.32,POSITIVE,NOUN,NOUN,NOUN,1.0,0.0,0.05,unconfident,celebrity
4512,0.78,0.0,0.32,NEGATIVE,NOUN,PROPN,NOUN,1.0,0.0,0.05,unconfident,muff
4513,0.78,0.0,0.32,NEGATIVE,ADJ,ADJ,ADJ,0.0,0.0,0.05,unconfident,unconscionable
4514,0.78,0.0,0.32,NEGATIVE,NOUN,PROPN,NOUN,1.0,0.0,0.05,unconfident,spit
4515,0.78,0.0,0.32,NEGATIVE,ADJ,PROPN,ADJ,0.0,0.0,0.05,unconfident,unclean
4516,0.78,-0.44,0.32,NEGATIVE,ADJ,ADJ,ADJ,0.0,0.0,0.05,unconfident,unattractive
4517,0.78,0.0,0.32,POSITIVE,NOUN,ADJ,NOUN,1.0,0.0,0.05,unconfident,claimant
4518,0.78,0.0,0.32,POSITIVE,NOUN,PROPN,NOUN,1.0,0.0,0.05,unconfident,clamor
4519,0.78,-0.3,0.32,NEGATIVE,ADJ,PROPN,ADJ,0.0,0.0,0.05,unconfident,uncertain
4520,0.78,0.0,0.32,NEGATIVE,VERB,NOUN,ADJ,0.0,0.0,0.05,unconfident,uncaring
4521,0.78,0.0,0.32,NEGATIVE,ADJ,ADJ,ADJ,0.0,0.0,0.05,unconfident,unbearable
4522,0.78,0.0,0.32,NEGATIVE,NOUN,PROPN,NOUN,0.0,0.0,0.05,unconfident,mildew
4523,0.78,-0.38,0.32,NEGATIVE,ADJ,ADJ,ADJ,0.0,0.0,0.05,unconfident,uneasy
4524,0.78,0.0,0.32,POSITIVE,ADV,ADV,ADV,1.0,0.0,0.05,unconfident,beastly
4525,0.78,-0.34,0.32,NEGATIVE,ADJ,PROPN,ADJ,1.0,0.0,0.05,unconfident,unequal
4526,0.78,-0.48,0.32,NEGATIVE,NOUN,ADJ,ADJ,0.0,1.0,0.05,unconfident,unfair
4527,0.78,-0.36,0.32,NEGATIVE,ADV,ADV,ADJ,0.0,0.0,0.05,unconfident,unfriendly
4528,0.78,0.0,0.32,NEGATIVE,VERB,NOUN,NOUN,1.0,0.0,0.05,unconfident,poaching
4529,0.78,-0.46,0.32,NEGATIVE,ADJ,ADJ,ADJ,0.0,0.0,0.05,unconfident,ungrateful
4530,0.78,0.0,0.32,NEGATIVE,ADJ,ADJ,ADJ,1.0,0.9,0.05,unconfident,unfaithful
4531,0.78,0.0,0.32,NEGATIVE,ADJ,ADJ,ADJ,1.0,0.0,0.05,unconfident,unfavorable
4532,0.78,0.0,0.32,NEGATIVE,NOUN,PROPN,ADJ,0.0,0.4,0.05,unconfident,clumsy
4533,0.78,-0.36,0.32,NEGATIVE,NOUN,NOUN,NOUN,0.0,0.17,0.05,unconfident,mess
4534,0.78,-0.36,0.32,NEGATIVE,NOUN,ADJ,ADJ,0.0,0.4,0.05,unconfident,messy
4535,0.78,0.0,0.32,NEGATIVE,ADJ,PROPN,ADJ,1.0,0.0,0.05,unconfident,undoubted
4536,0.78,0.0,0.32,POSITIVE,NOUN,NOUN,PROPN,1.0,0.0,0.05,unconfident,perdition
4537,0.78,-0.44,0.32,NEGATIVE,ADJ,ADJ,ADJ,0.0,0.0,0.05,unconfident,undesirable
4538,0.78,0.0,0.32,NEGATIVE,NOUN,VERB,NOUN,1.0,0.0,0.05,unconfident,plunder
4539,0.78,0.0,0.32,NEGATIVE,NOUN,PROPN,VERB,1.0,0.0,0.05,unconfident,strangle
4540,0.78,-0.32,0.32,NEGATIVE,NOUN,PROPN,NOUN,1.0,0.0,0.05,unconfident,mockery
4541,0.78,-0.4,0.32,NEGATIVE,VERB,VERB,NOUN,1.0,0.0,0.05,unconfident,mocking
4542,0.78,0.0,0.32,NEGATIVE,VERB,VERB,VERB,1.0,0.0,0.05,unconfident,stripped
4543,0.78,0.0,0.32,NEGATIVE,NOUN,PROPN,NOUN,1.0,0.0,0.05,unconfident,autopsy
4544,0.78,0.0,0.32,NEGATIVE,NOUN,PROPN,PROPN,1.0,0.0,0.05,unconfident,monochrome
4545,0.78,0.0,0.32,NEGATIVE,NOUN,NOUN,NOUN,1.0,0.0,0.05,unconfident,monstrosity
4546,0.78,-0.44,0.32,NEGATIVE,NOUN,NOUN,NOUN,0.0,0.0,0.05,unconfident,molestation
4547,0.78,-0.46,0.32,NEGATIVE,NOUN,VERB,VERB,0.0,0.0,0.05,unconfident,cheat
4548,0.78,0.0,0.32,NEGATIVE,NOUN,NOUN,NOUN,1.0,0.0,0.05,unconfident,tyrant
4549,0.78,0.0,0.32,NEGATIVE,ADJ,ADJ,ADJ,1.0,0.0,0.05,unconfident,tyrannical
4550,0.78,0.0,0.32,NEGATIVE,NOUN,PROPN,NOUN,0.0,0.0,0.05,unconfident,misbehavior
4551,0.78,-0.51,0.32,NEGATIVE,ADV,ADJ,ADJ,0.0,1.0,0.05,unconfident,ugly
70749,0.86,0.0,0.66,POSITIVE,NOUN,NOUN,NOUN,1.0,0.0,0.17,unfriendly,morals
70750,0.86,0.0,0.66,POSITIVE,ADJ,ADJ,ADJ,1.0,0.25,0.17,unfriendly,moral
70751,0.86,0.0,0.66,NEGATIVE,NOUN,PROPN,NOUN,1.0,0.0,0.17,unfriendly,chant
70752,0.86,-0.57,0.66,NEGATIVE,NOUN,PROPN,NOUN,0.0,0.0,0.17,unfriendly,chaos
70753,0.86,-0.49,0.66,NEGATIVE,ADJ,ADJ,ADJ,0.0,0.0,0.17,unfriendly,chaotic
70754,0.86,-0.27,0.66,NEGATIVE,NOUN,NOUN,NOUN,1.0,0.0,0.17,unfriendly,trickery
70755,0.86,0.0,0.66,NEGATIVE,NOUN,X,NOUN,1.0,0.0,0.17,unfriendly,trespass
70756,0.86,0.0,0.66,NEGATIVE,NOUN,NOUN,NOUN,0.0,0.0,0.17,unfriendly,morbidity
70757,0.86,0.0,0.66,NEGATIVE,NOUN,NOUN,NOUN,0.0,0.0,0.17,unfriendly,monstrosity
70758,0.86,-0.36,0.66,NEGATIVE,NOUN,PROPN,PROPN,1.0,0.0,0.17,unfriendly,moody
70759,0.86,0.0,0.66,NEGATIVE,NOUN,NOUN,NOUN,0.0,0.0,0.17,unfriendly,treachery
70760,0.86,-0.44,0.66,NEGATIVE,NOUN,PROPN,NOUN,1.0,0.0,0.17,unfriendly,treason
70761,0.86,0.0,0.66,NEGATIVE,NOUN,PROPN,NOUN,1.0,0.0,0.17,unfriendly,chaff
70762,0.86,0.0,0.66,NEGATIVE,ADJ,ADJ,ADJ,1.0,0.0,0.17,unfriendly,treacherous
70763,0.86,0.4,0.66,POSITIVE,NOUN,NOUN,VERB,2.0,0.0,0.17,unfriendly,treat
70764,0.86,0.0,0.66,NEGATIVE,NOUN,PROPN,NOUN,0.0,0.0,0.17,unfriendly,mortality
70765,0.86,0.08,0.66,NEGATIVE,NOUN,NOUN,NOUN,1.0,0.0,0.17,unfriendly,challenge
70766,0.86,0.0,0.66,NEGATIVE,NOUN,PROPN,NOUN,1.0,0.0,0.17,unfriendly,tremor
70767,0.86,0.0,0.66,NEGATIVE,NOUN,PROPN,NOUN,1.0,0.0,0.17,unfriendly,mosquito
70768,0.86,0.0,0.66,POSITIVE,NOUN,PROPN,NOUN,1.0,0.0,0.17,unfriendly,mosque
70769,0.86,0.0,0.66,POSITIVE,NOUN,NOUN,NOUN,1.0,0.0,0.17,unfriendly,tree
70770,0.86,0.0,0.66,NEGATIVE,NOUN,NOUN,NOUN,1.0,0.0,0.17,unfriendly,mob
70771,0.86,-0.4,0.66,NEGATIVE,VERB,VERB,NOUN,1.0,0.0,0.17,unfriendly,mocking
70772,0.86,0.0,0.66,NEGATIVE,NOUN,PROPN,NOUN,1.0,0.0,0.17,unfriendly,tumult
70773,0.86,0.0,0.66,NEGATIVE,ADJ,ADJ,ADJ,1.0,0.0,0.17,unfriendly,tumultuous
70774,0.86,0.0,0.66,NEGATIVE,NOUN,NOUN,NOUN,1.0,0.0,0.17,unfriendly,money
70775,0.86,0.0,0.66,NEGATIVE,VERB,NOUN,NOUN,0.0,0.0,0.17,unfriendly,tripping
70776,0.86,0.0,0.66,NEGATIVE,NOUN,PROPN,NOUN,0.0,0.0,0.17,unfriendly,troll
70777,0.86,-0.51,0.66,NEGATIVE,NOUN,ADJ,ADJ,0.0,0.0,0.17,unfriendly,troublesome
70778,0.86,-0.44,0.66,NEGATIVE,NOUN,NOUN,NOUN,0.0,0.0,0.17,unfriendly,molestation
70779,0.86,-0.46,0.66,NEGATIVE,NOUN,VERB,VERB,1.0,0.0,0.17,unfriendly,cheat
70780,0.86,-0.53,0.66,NEGATIVE,NOUN,NOUN,NOUN,1.0,0.0,0.17,unfriendly,casualty
70781,0.86,-0.36,0.66,NEGATIVE,NOUN,PROPN,PROPN,1.0,0.0,0.17,unfriendly,nag
70782,0.86,-0.05,0.66,POSITIVE,NOUN,PROPN,NOUN,1.0,0.0,0.17,unfriendly,toughness
70783,0.86,0.0,0.66,NEGATIVE,NOUN,PROPN,PROPN,1.0,0.0,0.17,unfriendly,mutter
70784,0.86,0.0,0.66,NEGATIVE,NOUN,PROPN,NOUN,1.0,0.0,0.17,unfriendly,mutiny
70785,0.86,0.0,0.66,NEGATIVE,NOUN,NOUN,NOUN,0.0,0.0,0.17,unfriendly,mutilation
70786,0.86,-0.66,0.66,NEGATIVE,NOUN,NOUN,NOUN,0.0,0.0,0.17,unfriendly,catastrophe
70787,0.86,0.0,0.66,NEGATIVE,NOUN,PROPN,NOUN,1.0,0.0,0.17,unfriendly,myopia
70788,0.86,0.0,0.66,NEGATIVE,NOUN,PROPN,NOUN,0.0,0.0,0.17,unfriendly,torment
70789,0.86,0.0,0.66,NEGATIVE,NOUN,PROPN,NOUN,1.0,0.0,0.17,unfriendly,torpedo
70790,0.86,0.0,0.66,NEGATIVE,NOUN,NOUN,NOUN,1.0,0.0,0.17,unfriendly,carnage
70791,0.86,0.0,0.66,POSITIVE,NOUN,NOUN,NOUN,1.0,0.0,0.17,unfriendly,cash
70792,0.86,0.0,0.66,POSITIVE,NOUN,PROPN,ADJ,1.0,0.0,0.17,unfriendly,touchy
70793,0.86,0.0,0.66,NEGATIVE,ADJ,ADJ,NOUN,0.0,0.0,0.17,unfriendly,tortious
70794,0.86,-0.56,0.66,NEGATIVE,ADJ,ADJ,ADJ,0.0,1.0,0.17,unfriendly,nasty
70795,0.86,-0.6,0.66,NEGATIVE,NOUN,NOUN,NOUN,0.0,0.0,0.17,unfriendly,torture
70796,0.86,0.0,0.66,NEGATIVE,NOUN,PROPN,NOUN,1.0,0.0,0.17,unfriendly,muff
70797,0.86,0.0,0.66,POSITIVE,NOUN,NOUN,NOUN,1.0,0.0,0.17,unfriendly,celebrity
70798,0.86,0.0,0.66,NEGATIVE,NOUN,PROPN,PROPN,1.0,0.0,0.17,unfriendly,mule
70799,0.86,0.0,0.66,NEGATIVE,NOUN,PROPN,NOUN,1.0,0.0,0.17,unfriendly,mug
70800,0.86,-0.38,0.66,NEGATIVE,NOUN,ADJ,ADJ,0.0,0.0,0.17,unfriendly,mournful
70801,0.86,-0.57,0.66,NEGATIVE,ADJ,ADJ,ADJ,0.0,0.0,0.17,unfriendly,traumatic
70802,0.86,-0.46,0.66,NEGATIVE,NOUN,NOUN,VERB,1.0,0.0,0.17,unfriendly,censor
70803,0.86,0.0,0.66,POSITIVE,ADJ,PROPN,ADJ,1.0,0.0,0.17,unfriendly,musical
70804,0.86,0.0,0.66,NEGATIVE,NOUN,NOUN,NOUN,1.0,0.0,0.17,unfriendly,traitor
70805,0.86,0.0,0.66,NEGATIVE,NOUN,NOUN,NOUN,1.0,0.0,0.17,unfriendly,caution
70806,0.86,-0.64,0.66,NEGATIVE,ADJ,ADJ,ADJ,0.0,0.0,0.17,unfriendly,murderous
70807,0.86,-0.68,0.66,NEGATIVE,NOUN,NOUN,NOUN,1.0,0.0,0.17,unfriendly,murderer
70808,0.86,-0.69,0.66,NEGATIVE,NOUN,NOUN,NOUN,1.0,0.0,0.17,unfriendly,murder
70809,0.86,-0.49,0.66,NEGATIVE,NOUN,PROPN,NOUN,0.0,0.0,0.17,unfriendly,menace
70810,0.86,0.0,0.66,NEGATIVE,VERB,ADJ,ADJ,0.0,1.0,0.17,unfriendly,menacing
70811,0.86,-0.34,0.66,NEGATIVE,ADJ,PROPN,ADJ,1.0,0.0,0.17,unfriendly,unequal
70812,0.86,-0.48,0.66,NEGATIVE,NOUN,ADJ,ADJ,0.0,1.0,0.17,unfriendly,unfair
70813,0.86,0.0,0.66,NEGATIVE,NOUN,PROPN,NOUN,0.0,0.0,0.17,unfriendly,unfairness
70814,0.86,0.0,0.66,NEGATIVE,NOUN,PROPN,NOUN,1.0,0.2,0.17,unfriendly,melodrama
70815,0.86,0.0,0.66,NEGATIVE,NOUN,PROPN,ADJ,0.0,0.0,0.17,unfriendly,underpaid
70816,0.86,-0.44,0.66,NEGATIVE,ADJ,ADJ,ADJ,1.0,0.0,0.17,unfriendly,undesirable
70817,0.86,0.0,0.66,NEGATIVE,NOUN,PROPN,VERB,1.0,0.0,0.17,unfriendly,coerce
70818,0.86,0.0,0.66,NEGATIVE,NOUN,NOUN,NOUN,1.0,0.0,0.17,unfriendly,coercion
70819,0.86,0.0,0.66,NEGATIVE,ADJ,ADJ,ADJ,1.0,0.0,0.17,unfriendly,unlawful
70820,0.86,-0.51,0.66,NEGATIVE,ADJ,ADJ,ADJ,0.0,0.0,0.17,unfriendly,unjust
70821,0.86,0.0,0.66,NEGATIVE,ADJ,ADJ,ADJ,0.0,0.0,0.17,unfriendly,unjustifiable
70822,0.86,-0.38,0.66,NEGATIVE,NOUN,PROPN,ADJ,0.0,0.0,0.17,unfriendly,unkind
70823,0.86,-0.46,0.66,NEGATIVE,ADJ,ADJ,ADJ,0.0,0.0,0.17,unfriendly,ungrateful
70824,0.86,-0.42,0.66,NEGATIVE,ADJ,ADJ,ADJ,0.0,0.9,0.17,unfriendly,unhappy
70825,0.86,0.0,0.66,NEGATIVE,VERB,VERB,ADJ,0.0,0.0,0.17,unfriendly,unforgiving
70826,0.86,-0.36,0.66,NEGATIVE,ADV,ADV,ADJ,0.0,0.0,0.17,unfriendly,unfriendly
70827,0.86,-0.42,0.66,NEGATIVE,ADJ,ADJ,ADJ,0.0,0.0,0.17,unfriendly,unfulfilled
70828,0.86,0.0,0.66,POSITIVE,NOUN,PROPN,VERB,1.0,0.0,0.17,unfriendly,meddle
70829,0.86,0.0,0.66,NEGATIVE,NOUN,NOUN,NOUN,1.0,0.0,0.17,unfriendly,tyrant
70830,0.86,0.0,0.66,NEGATIVE,NOUN,PROPN,NOUN,1.0,0.0,0.17,unfriendly,misbehavior
70831,0.86,0.0,0.66,NEGATIVE,ADJ,ADJ,ADJ,0.0,0.0,0.17,unfriendly,tyrannical
70832,0.86,0.0,0.66,NEGATIVE,NOUN,NOUN,NOUN,1.0,0.0,0.17,unfriendly,misconception
70833,0.86,0.0,0.66,NEGATIVE,NOUN,ADJ,NOUN,0.0,0.0,0.17,unfriendly,ulcer
70834,0.86,0.0,0.66,NEGATIVE,NOUN,NOUN,NOUN,1.0,0.0,0.17,unfriendly,ultimatum
70835,0.86,-0.49,0.66,NEGATIVE,ADJ,ADJ,ADJ,0.0,1.0,0.17,unfriendly,miserable
70836,0.86,0.0,0.66,NEGATIVE,NOUN,PROPN,NOUN,1.0,0.0,0.17,unfriendly,misstatement
70837,0.86,0.0,0.66,NEGATIVE,NOUN,PROPN,NOUN,1.0,0.0,0.17,unfriendly,tussle
70838,0.86,0.0,0.66,NEGATIVE,NOUN,PROPN,NOUN,1.0,0.0,0.17,unfriendly,turbulence
70839,0.86,-0.42,0.66,NEGATIVE,VERB,PROPN,NOUN,1.0,0.0,0.17,unfriendly,misunderstanding
70840,0.86,-0.36,0.66,NEGATIVE,NOUN,NOUN,NOUN,0.0,0.0,0.17,unfriendly,turmoil
70841,0.86,0.0,0.66,POSITIVE,NOUN,PROPN,NOUN,1.0,0.0,0.17,unfriendly,mistress
70842,0.86,0.0,0.66,NEGATIVE,VERB,ADJ,VERB,1.0,0.0,0.17,unfriendly,misrepresented
70843,0.86,-0.57,0.66,NEGATIVE,NOUN,NOUN,NOUN,0.0,0.0,0.17,unfriendly,misery
70844,0.86,0.0,0.66,NEGATIVE,NOUN,PROPN,VERB,0.0,0.0,0.17,unfriendly,mislead
70845,0.86,-0.4,0.66,NEGATIVE,VERB,PROPN,ADJ,0.0,0.0,0.17,unfriendly,misleading
70846,0.86,0.0,0.66,NEGATIVE,NOUN,PROPN,VERB,1.0,0.0,0.17,unfriendly,misplace
70847,0.86,-0.54,0.66,NEGATIVE,NOUN,NOUN,NOUN,1.0,0.0,0.17,unfriendly,choke
70848,0.86,0.0,0.66,NEGATIVE,NOUN,VERB,NOUN,1.0,0.0,0.17,unfriendly,clash
53643,0.29,-0.3,0.16,NEGATIVE,VERB,VERB,VERB,1.0,0.0,0.05,unhappy,battled
53644,0.29,0.0,0.16,NEGATIVE,ADJ,PROPN,ADJ,1.0,0.0,0.05,unhappy,inimical
53645,0.29,0.0,0.16,NEGATIVE,NOUN,PROPN,NOUN,1.0,0.0,0.05,unhappy,mortality
53646,0.29,-0.51,0.16,NEGATIVE,NOUN,NOUN,NOUN,0.0,0.0,0.05,unhappy,irritation
53647,0.29,-0.4,0.16,NEGATIVE,NOUN,NOUN,NOUN,1.0,0.0,0.05,unhappy,crash
53648,0.29,0.0,0.16,NEGATIVE,NOUN,PROPN,ADJ,0.0,0.0,0.05,unhappy,inhuman
53649,0.29,0.0,0.16,NEGATIVE,NOUN,NOUN,NOUN,0.0,0.0,0.05,unhappy,embolism
53650,0.29,0.0,0.16,NEGATIVE,NOUN,PROPN,NOUN,0.0,0.0,0.05,unhappy,schizophrenia
53651,0.29,-0.6,0.16,NEGATIVE,NOUN,PROPN,VERB,1.0,0.0,0.05,unhappy,obliterate
53652,0.29,0.0,0.16,NEGATIVE,NOUN,PROPN,NOUN,0.0,0.0,0.05,unhappy,rheumatism
53653,0.29,0.0,0.16,NEGATIVE,NOUN,PROPN,NOUN,1.0,0.0,0.05,unhappy,endocarditis
53654,0.29,0.0,0.16,NEGATIVE,NOUN,PROPN,ADJ,1.0,0.0,0.05,unhappy,cringe
53655,0.29,0.0,0.16,NEGATIVE,NOUN,PROPN,VERB,0.0,0.0,0.05,unhappy,wallow
53656,0.29,-0.42,0.16,NEGATIVE,VERB,VERB,ADJ,0.0,0.0,0.05,unhappy,disheartening
53657,0.29,0.0,0.16,NEGATIVE,ADV,ADV,ADJ,0.0,0.0,0.05,unhappy,ungodly
53658,0.29,-0.61,0.16,NEGATIVE,NOUN,ADJ,ADJ,0.0,0.0,0.05,unhappy,dismal
53659,0.29,0.0,0.16,NEGATIVE,NOUN,PROPN,NOUN,1.0,0.0,0.05,unhappy,anthrax
53660,0.29,-0.4,0.16,NEGATIVE,NOUN,PROPN,NOUN,1.0,0.0,0.05,unhappy,decay
53661,0.29,0.0,0.16,NEGATIVE,NOUN,PROPN,NOUN,0.0,0.0,0.05,unhappy,inhumanity
53662,0.29,-0.54,0.16,NEGATIVE,NOUN,VERB,NOUN,0.0,0.0,0.05,unhappy,curse
53663,0.29,0.0,0.16,NEGATIVE,NOUN,PROPN,NOUN,1.0,0.0,0.05,unhappy,dissolution
53664,0.29,-0.38,0.16,NEGATIVE,ADJ,ADJ,ADJ,1.0,0.0,0.05,unhappy,lowest
53665,0.29,-0.53,0.16,NEGATIVE,ADJ,ADJ,ADJ,0.0,0.7,0.05,unhappy,unhealthy
53666,0.29,-0.25,0.16,NEGATIVE,VERB,VERB,ADJ,0.0,0.0,0.05,unhappy,offended
53667,0.29,0.0,0.16,NEGATIVE,NOUN,NOUN,NOUN,1.0,0.0,0.05,unhappy,atherosclerosis
53668,0.29,-0.49,0.16,NEGATIVE,NOUN,ADJ,ADJ,1.0,1.0,0.05,unhappy,mad
53669,0.29,0.0,0.16,NEGATIVE,ADJ,ADJ,ADJ,1.0,0.0,0.05,unhappy,injurious
53670,0.29,-0.27,0.16,NEGATIVE,ADJ,ADJ,ADJ,0.0,0.0,0.05,unhappy,weary
53671,0.29,0.0,0.16,NEGATIVE,NOUN,PROPN,NOUN,1.0,0.0,0.05,unhappy,angst
53672,0.29,-0.38,0.16,NEGATIVE,NOUN,VERB,ADJ,0.0,0.0,0.05,unhappy,disturbed
53673,0.29,0.0,0.16,NEGATIVE,NOUN,NOUN,NOUN,1.0,0.0,0.05,unhappy,robbery
53674,0.29,0.0,0.16,NEGATIVE,NOUN,PROPN,ADJ,1.0,0.0,0.05,unhappy,messedup
53675,0.29,-0.25,0.16,POSITIVE,ADV,ADV,ADV,1.0,0.0,0.05,unhappy,alone
53676,0.29,0.0,0.16,NEGATIVE,NOUN,NOUN,NOUN,1.0,0.0,0.05,unhappy,defendant
53677,0.29,0.0,0.16,POSITIVE,NOUN,PROPN,VERB,1.0,0.0,0.05,unhappy,evict
53678,0.29,0.0,0.16,NEGATIVE,NOUN,NOUN,NOUN,0.0,0.0,0.05,unhappy,delusion
53679,0.29,-0.56,0.16,NEGATIVE,ADJ,ADJ,ADJ,1.0,0.5,0.05,unhappy,illegal
53680,0.29,-0.46,0.16,NEGATIVE,NOUN,X,ADJ,0.0,0.0,0.05,unhappy,dire
53681,0.29,-0.46,0.16,NEGATIVE,NOUN,PROPN,ADJ,0.0,1.0,0.05,unhappy,unfortunate
53682,0.29,-0.44,0.16,NEGATIVE,ADJ,ADJ,ADJ,0.0,0.0,0.05,unhappy,displeased
53683,0.29,-0.42,0.16,NEGATIVE,NOUN,NOUN,NOUN,1.0,0.0,0.05,unhappy,weakness
53684,0.29,0.0,0.16,NEGATIVE,NOUN,NOUN,NOUN,1.0,0.0,0.05,unhappy,dictatorship
53685,0.29,0.0,0.16,NEGATIVE,NOUN,NOUN,NOUN,1.0,0.0,0.05,unhappy,elimination
53686,0.29,-0.38,0.16,NEGATIVE,NOUN,VERB,VERB,0.0,0.0,0.05,unhappy,decayed
53687,0.29,0.0,0.16,POSITIVE,NOUN,PROPN,NOUN,1.0,0.0,0.05,unhappy,martyrdom
53688,0.29,0.0,0.16,NEGATIVE,ADJ,ADJ,ADJ,1.0,0.0,0.05,unhappy,unfavorable
53689,0.29,0.0,0.16,NEGATIVE,ADJ,ADJ,ADJ,1.0,0.0,0.05,unhappy,irreconcilable
53690,0.29,0.0,0.16,NEGATIVE,NOUN,NOUN,NOUN,1.0,0.0,0.05,unhappy,annulment
53691,0.29,0.0,0.16,NEGATIVE,NOUN,NOUN,NOUN,0.0,0.0,0.05,unhappy,deportation
53692,0.29,0.0,0.16,NEGATIVE,VERB,VERB,VERB,0.0,0.0,0.05,unhappy,languishing
53693,0.29,0.0,0.16,NEGATIVE,NOUN,PROPN,NOUN,1.0,0.0,0.05,unhappy,blindness
53694,0.29,0.0,0.16,NEGATIVE,NOUN,PROPN,NOUN,1.0,0.0,0.05,unhappy,misfortune
53695,0.29,-0.4,0.16,NEGATIVE,NOUN,PROPN,VERB,1.0,0.0,0.05,unhappy,dumps
53696,0.29,-0.25,0.16,NEGATIVE,NOUN,NOUN,ADJ,1.0,0.0,0.05,unhappy,faithless
53697,0.29,0.0,0.16,NEGATIVE,NOUN,NOUN,NOUN,0.0,0.0,0.05,unhappy,measles
53698,0.29,-0.32,0.16,POSITIVE,NOUN,NOUN,NOUN,0.0,0.0,0.05,unhappy,perversion
53699,0.29,-0.38,0.16,NEGATIVE,VERB,VERB,VERB,0.0,0.0,0.05,unhappy,losing
53700,0.29,0.0,0.16,NEGATIVE,ADJ,PROPN,ADJ,1.0,0.0,0.05,unhappy,endemic
53701,0.29,0.0,0.16,POSITIVE,NOUN,PROPN,NOUN,1.0,0.0,0.05,unhappy,sonnet
53702,0.29,-0.36,0.16,NEGATIVE,NOUN,PROPN,NOUN,1.0,0.0,0.05,unhappy,offender
53703,0.29,-0.51,0.16,NEGATIVE,NOUN,NOUN,NOUN,1.0,0.0,0.05,unhappy,prison
53704,0.29,0.0,0.16,POSITIVE,NOUN,NOUN,NOUN,1.0,0.0,0.05,unhappy,revolution
53705,0.29,0.0,0.16,POSITIVE,NOUN,PROPN,NOUN,1.0,0.0,0.05,unhappy,priesthood
53706,0.29,0.0,0.16,NEGATIVE,NOUN,PROPN,VERB,1.0,0.0,0.05,unhappy,segregate
53707,0.29,0.0,0.16,NEGATIVE,NOUN,VERB,NOUN,0.0,0.0,0.05,unhappy,rot
53708,0.29,0.0,0.16,NEGATIVE,VERB,VERB,VERB,1.0,0.0,0.05,unhappy,dashed
53709,0.29,-0.27,0.16,NEGATIVE,NOUN,NOUN,NOUN,1.0,0.0,0.05,unhappy,remorse
53710,0.29,0.0,0.16,NEGATIVE,NOUN,PROPN,NOUN,0.0,0.0,0.05,unhappy,nothingness
53711,0.29,-0.3,0.16,NEGATIVE,VERB,VERB,ADJ,0.0,0.0,0.05,unhappy,aggravating
53712,0.29,0.0,0.16,POSITIVE,NOUN,PROPN,NOUN,1.0,0.0,0.05,unhappy,aftermath
53713,0.29,-0.38,0.16,NEGATIVE,NOUN,NOUN,NOUN,1.0,0.0,0.05,unhappy,emergency
53714,0.29,-0.57,0.16,NEGATIVE,ADJ,ADJ,ADJ,0.0,0.4,0.05,unhappy,negative
53715,0.29,0.0,0.16,NEGATIVE,ADJ,ADJ,ADJ,0.0,0.0,0.05,unhappy,nauseous
53716,0.29,0.0,0.16,NEGATIVE,NOUN,ADJ,ADJ,0.0,0.75,0.05,unhappy,endless
53717,0.29,0.0,0.16,NEGATIVE,NOUN,NOUN,NOUN,1.0,0.0,0.05,unhappy,fallout
53718,0.29,-0.36,0.16,NEGATIVE,NOUN,VERB,VERB,0.0,0.0,0.05,unhappy,complain
53719,0.29,-0.23,0.16,NEGATIVE,NOUN,NOUN,NOUN,1.0,0.0,0.05,unhappy,vulnerability
53720,0.29,-0.57,0.16,NEGATIVE,NOUN,PROPN,ADJ,0.0,0.5,0.05,unhappy,dishonest
53721,0.29,-0.51,0.16,NEGATIVE,ADJ,ADJ,ADJ,0.0,0.0,0.05,unhappy,regrettable
53722,0.29,0.0,0.16,NEGATIVE,NOUN,PROPN,NOUN,1.0,0.0,0.05,unhappy,witchcraft
53723,0.29,-0.4,0.16,NEGATIVE,VERB,VERB,VERB,0.0,0.0,0.05,unhappy,lose
53724,0.29,0.0,0.16,NEGATIVE,ADJ,ADJ,ADJ,1.0,0.0,0.05,unhappy,unrequited
53725,0.29,0.0,0.16,NEGATIVE,VERB,NOUN,ADJ,0.0,0.0,0.05,unhappy,uncaring
53726,0.29,-0.42,0.16,NEGATIVE,NOUN,PROPN,ADJ,0.0,0.88,0.05,unhappy,insecure
53727,0.29,0.0,0.16,NEGATIVE,NOUN,NOUN,VERB,1.0,0.0,0.05,unhappy,injure
53728,0.29,0.0,0.16,POSITIVE,NOUN,VERB,NOUN,1.0,0.0,0.05,unhappy,revolver
53729,0.29,0.0,0.16,NEGATIVE,NOUN,ADJ,ADJ,0.0,0.0,0.05,unhappy,soulless
53730,0.29,0.0,0.16,NEGATIVE,NOUN,PROPN,NOUN,1.0,0.0,0.05,unhappy,shackle
53731,0.29,0.0,0.16,NEGATIVE,NOUN,NOUN,NOUN,1.0,0.0,0.05,unhappy,sinner
53732,0.29,-0.53,0.16,NEGATIVE,NOUN,NOUN,NOUN,0.0,0.0,0.05,unhappy,sorrow
53733,0.29,0.0,0.16,NEGATIVE,NOUN,PROPN,NOUN,0.0,0.0,0.05,unhappy,coma
53734,0.29,-0.4,0.16,NEGATIVE,NOUN,PROPN,VERB,1.0,0.0,0.05,unhappy,prosecute
53735,0.29,-0.48,0.16,NEGATIVE,VERB,VERB,VERB,1.0,0.0,0.05,unhappy,defeated
53736,0.29,-0.57,0.16,NEGATIVE,NOUN,ADJ,NOUN,0.0,0.4,0.05,unhappy,ugliness
53737,0.29,0.0,0.16,NEGATIVE,NOUN,PROPN,NOUN,1.0,0.0,0.05,unhappy,shriek
53738,0.29,-0.42,0.16,NEGATIVE,NOUN,NOUN,NOUN,1.0,0.0,0.05,unhappy,recession
53739,0.29,-0.56,0.16,POSITIVE,NOUN,PROPN,PROPN,1.0,0.0,0.05,unhappy,rob
53740,0.29,0.0,0.16,NEGATIVE,NOUN,NOUN,NOUN,1.0,0.0,0.05,unhappy,derogation
53741,0.29,-0.51,0.16,NEGATIVE,NOUN,PROPN,NOUN,0.0,0.0,0.05,unhappy,insult
53742,0.29,0.0,0.16,POSITIVE,NOUN,NOUN,NOUN,1.0,0.0,0.05,unhappy,howl
41278,0.88,0.0,0.56,NEGATIVE,NOUN,PROPN,INTJ,1.0,0.0,0.88,uninterested,ohhh
41279,0.88,0.0,0.56,POSITIVE,NOUN,NOUN,NOUN,1.0,0.0,0.88,uninterested,husbands
41280,0.88,0.0,0.56,NEGATIVE,NOUN,PROPN,PROPN,1.0,0.0,0.88,uninterested,south
41281,0.88,0.0,0.56,NEGATIVE,ADJ,NOUN,NOUN,1.0,0.0,0.88,uninterested,epidemic
41282,0.88,-0.32,0.56,NEGATIVE,VERB,ADJ,ADJ,0.0,0.7,0.88,uninterested,confused
41283,0.88,0.0,0.56,POSITIVE,NOUN,NOUN,NOUN,1.0,0.0,0.88,uninterested,campus
41284,0.88,0.0,0.56,NEGATIVE,NOUN,NOUN,NOUN,1.0,0.0,0.88,uninterested,awks
41285,0.88,0.0,0.56,POSITIVE,NOUN,NOUN,NOUN,1.0,0.0,0.88,uninterested,words
41286,0.88,0.0,0.56,POSITIVE,NOUN,NOUN,NOUN,1.0,0.0,0.88,uninterested,story
41287,0.88,0.4,0.56,POSITIVE,ADJ,ADJ,ADJ,2.0,1.0,0.88,uninterested,hilarious
41288,0.88,0.0,0.56,NEGATIVE,NOUN,PROPN,NOUN,1.0,0.0,0.88,uninterested,sesh
41289,0.88,0.0,0.56,POSITIVE,NOUN,NOUN,NOUN,1.0,0.0,0.88,uninterested,planet
41290,0.88,0.0,0.56,POSITIVE,NOUN,NOUN,NOUN,1.0,0.0,0.88,uninterested,ramen
41291,0.88,0.0,0.56,POSITIVE,NOUN,NOUN,NOUN,1.0,0.0,0.88,uninterested,signing
41292,0.88,0.46,0.56,POSITIVE,NOUN,ADJ,ADJ,2.0,0.9,0.88,uninterested,intelligent
41293,0.88,0.0,0.56,POSITIVE,NOUN,NOUN,NOUN,1.0,0.0,0.88,uninterested,designer
41294,0.88,0.0,0.56,POSITIVE,NOUN,NOUN,NOUN,1.0,0.0,0.88,uninterested,makeup
41295,0.88,0.44,0.56,POSITIVE,ADJ,ADJ,ADJ,2.0,1.0,0.88,uninterested,creative
41296,0.88,0.51,0.56,POSITIVE,NOUN,NOUN,NOUN,1.0,0.0,0.88,uninterested,kisses
41297,0.88,0.0,0.56,POSITIVE,NOUN,NOUN,NOUN,1.0,0.0,0.88,uninterested,battery
41298,0.88,0.0,0.56,POSITIVE,NOUN,NOUN,NOUN,1.0,0.0,0.88,uninterested,peer
41299,0.88,0.0,0.56,POSITIVE,NOUN,X,PROPN,1.0,0.0,0.88,uninterested,th
41300,0.88,0.0,0.56,NEGATIVE,NOUN,PROPN,PROPN,1.0,0.0,0.88,uninterested,fudge
41301,0.88,0.0,0.56,POSITIVE,NOUN,NOUN,NOUN,1.0,0.0,0.88,uninterested,footage
41302,0.88,-0.32,0.56,NEGATIVE,NOUN,PROPN,NOUN,0.0,0.0,0.88,uninterested,boredom
41303,0.88,-0.56,0.56,NEGATIVE,ADJ,ADJ,ADJ,0.0,0.5,0.88,uninterested,illegal
41304,0.88,0.0,0.56,NEGATIVE,NOUN,PROPN,VERB,1.0,0.0,0.88,uninterested,hasn
41305,0.88,0.0,0.56,NEGATIVE,NOUN,PROPN,PROPN,1.0,0.0,0.88,uninterested,nash
41306,0.88,-0.23,0.56,NEGATIVE,NOUN,PROPN,NOUN,1.0,0.0,0.88,uninterested,blocks
41307,0.88,0.0,0.56,POSITIVE,NOUN,PROPN,PROPN,1.0,0.0,0.88,uninterested,cw
41308,0.88,0.0,0.56,NEGATIVE,NOUN,PROPN,NOUN,1.0,0.0,0.88,uninterested,monologue
41309,0.88,0.0,0.56,POSITIVE,VERB,VERB,VERB,1.0,0.0,0.88,uninterested,realizing
41310,0.88,0.0,0.56,POSITIVE,NOUN,PROPN,NOUN,1.0,0.0,0.88,uninterested,usb
41311,0.88,0.0,0.56,NEGATIVE,NOUN,PROPN,PROPN,1.0,0.0,0.88,uninterested,daft
41312,0.88,0.0,0.56,NEGATIVE,NOUN,PROPN,PROPN,1.0,0.0,0.88,uninterested,tbt
41313,0.88,0.0,0.56,POSITIVE,NOUN,NOUN,NOUN,1.0,0.0,0.88,uninterested,gods
41314,0.88,0.0,0.56,POSITIVE,NOUN,PROPN,NOUN,1.0,0.0,0.88,uninterested,bagel
41315,0.88,0.0,0.56,NEGATIVE,NOUN,ADV,ADV,1.0,0.0,0.88,uninterested,backwards
41316,0.88,0.0,0.56,POSITIVE,NOUN,PROPN,PROPN,1.0,0.0,0.88,uninterested,kate
41317,0.88,0.0,0.56,POSITIVE,NOUN,NOUN,NOUN,1.0,0.0,0.88,uninterested,evolution
41318,0.88,0.0,0.56,POSITIVE,VERB,NOUN,NOUN,1.0,0.0,0.88,uninterested,lightning
41319,0.88,0.49,0.56,POSITIVE,VERB,ADJ,ADJ,2.0,0.8,0.88,uninterested,exciting
41320,0.88,0.0,0.56,NEGATIVE,NOUN,NOUN,NOUN,1.0,0.0,0.88,uninterested,attempts
41321,0.88,-0.53,0.56,NEGATIVE,NOUN,NOUN,NOUN,1.0,0.0,0.88,uninterested,distress
41322,0.88,0.0,0.56,POSITIVE,NOUN,PROPN,PROPN,1.0,0.0,0.88,uninterested,philippines
41323,0.88,-0.3,0.56,NEGATIVE,NOUN,VERB,NOUN,1.0,0.0,0.88,uninterested,suspect
41324,0.88,0.38,0.56,POSITIVE,NOUN,VERB,VERB,1.0,0.0,0.88,uninterested,helps
41325,0.88,0.0,0.56,NEGATIVE,VERB,PROPN,NOUN,1.0,0.0,0.88,uninterested,tossing
41326,0.88,0.0,0.56,POSITIVE,ADJ,ADJ,ADJ,1.0,0.0,0.88,uninterested,former
41327,0.88,0.0,0.56,NEGATIVE,NOUN,NOUN,NOUN,1.0,0.0,0.88,uninterested,pawn
41328,0.88,0.0,0.56,NEGATIVE,NOUN,PROPN,PROPN,1.0,0.0,0.88,uninterested,mall
41329,0.88,0.0,0.56,POSITIVE,NOUN,PROPN,NOUN,1.0,0.0,0.88,uninterested,reps
41330,0.88,0.0,0.56,POSITIVE,NOUN,PROPN,INTJ,1.0,0.0,0.88,uninterested,ahaha
41331,0.88,0.0,0.56,POSITIVE,NOUN,NOUN,NOUN,1.0,0.0,0.88,uninterested,wedding
41332,0.88,0.0,0.56,POSITIVE,NOUN,INTJ,INTJ,1.0,0.0,0.88,uninterested,whew
41333,0.88,0.0,0.56,NEGATIVE,VERB,PROPN,VERB,1.0,0.0,0.88,uninterested,assumed
41334,0.88,0.0,0.56,POSITIVE,NOUN,PROPN,NOUN,1.0,0.0,0.88,uninterested,nipple
41335,0.88,0.0,0.56,NEGATIVE,NOUN,NOUN,NOUN,1.0,0.0,0.88,uninterested,headphone
41336,0.88,-0.1,0.56,NEGATIVE,NOUN,VERB,VERB,1.0,0.0,0.88,uninterested,shook
41337,0.88,0.48,0.56,POSITIVE,NOUN,NOUN,VERB,2.0,0.0,0.88,uninterested,admire
41338,0.88,0.0,0.56,POSITIVE,NOUN,NOUN,NOUN,1.0,0.0,0.88,uninterested,movement
41339,0.88,0.0,0.56,POSITIVE,NOUN,PROPN,PROPN,1.0,0.0,0.88,uninterested,neva
41340,0.88,0.0,0.56,POSITIVE,VERB,VERB,NOUN,1.0,0.0,0.88,uninterested,standing
41341,0.88,0.0,0.56,POSITIVE,NOUN,PROPN,PROPN,1.0,0.0,0.88,uninterested,rick
41342,0.88,0.0,0.56,NEGATIVE,NOUN,PROPN,PROPN,1.0,0.0,0.88,uninterested,xxx
41343,0.88,0.0,0.56,POSITIVE,NOUN,PROPN,NOUN,2.0,0.0,0.88,uninterested,splash
41344,0.88,0.0,0.56,NEGATIVE,NOUN,PROPN,INTJ,1.0,0.0,0.88,uninterested,omg
41345,0.88,0.0,0.56,POSITIVE,NOUN,PROPN,PROPN,1.0,0.0,0.88,uninterested,fm
41346,0.88,-0.48,0.56,NEGATIVE,VERB,VERB,ADJ,1.0,0.0,0.88,uninterested,haunted
41347,0.88,0.0,0.56,POSITIVE,NOUN,NOUN,NOUN,1.0,0.0,0.88,uninterested,podcast
41348,0.88,-0.05,0.56,POSITIVE,NOUN,NOUN,NOUN,1.0,0.0,0.88,uninterested,fighters
41349,0.88,0.0,0.56,POSITIVE,NOUN,ADP,ADV,1.0,0.7,0.88,uninterested,behind
41350,0.88,0.0,0.56,POSITIVE,NOUN,PROPN,NOUN,1.0,0.0,0.88,uninterested,grandpa
41351,0.88,-0.36,0.56,NEGATIVE,NOUN,NOUN,NOUN,1.0,0.0,0.88,uninterested,disruption
41352,0.88,0.0,0.56,POSITIVE,NOUN,NOUN,NOUN,1.0,0.0,0.88,uninterested,information
41353,0.88,0.0,0.56,POSITIVE,VERB,NOUN,NOUN,1.0,0.0,0.88,uninterested,sewing
41354,0.88,0.0,0.56,NEGATIVE,NOUN,PROPN,AUX,1.0,0.0,0.88,uninterested,weren
41355,0.88,0.0,0.56,POSITIVE,NOUN,PROPN,NOUN,1.0,0.0,0.88,uninterested,kardashians
41356,0.88,0.0,0.56,POSITIVE,NOUN,NOUN,NOUN,1.0,0.0,0.88,uninterested,highway
41357,0.88,0.0,0.56,POSITIVE,NOUN,PROPN,NOUN,1.0,0.0,0.88,uninterested,tiger
41358,0.88,0.0,0.56,POSITIVE,NOUN,PROPN,NOUN,1.0,0.0,0.88,uninterested,loads
41359,0.88,-0.4,0.56,NEGATIVE,NOUN,VERB,VERB,1.0,0.0,0.88,uninterested,scream
41360,0.88,-0.32,0.56,NEGATIVE,NOUN,PROPN,VERB,1.0,0.0,0.88,uninterested,startle
41361,0.88,0.0,0.56,POSITIVE,NOUN,PROPN,NOUN,1.0,0.0,0.88,uninterested,sword
41362,0.88,0.0,0.56,POSITIVE,NOUN,INTJ,PROPN,1.0,0.0,0.88,uninterested,evanescence
41363,0.88,0.0,0.56,POSITIVE,NOUN,NOUN,NOUN,1.0,0.0,0.88,uninterested,crisps
41364,0.88,0.0,0.56,POSITIVE,NOUN,PROPN,NOUN,1.0,0.0,0.88,uninterested,takeaway
41365,0.88,0.0,0.56,POSITIVE,ADJ,ADJ,ADJ,1.0,1.0,0.88,uninterested,final
41366,0.88,0.0,0.56,POSITIVE,ADV,ADV,ADV,1.0,0.0,0.88,uninterested,yet
41367,0.88,0.0,0.56,NEGATIVE,NOUN,NOUN,NOUN,1.0,0.0,0.88,uninterested,stroke
41368,0.88,0.0,0.56,POSITIVE,NOUN,NOUN,NOUN,1.0,0.0,0.88,uninterested,saints
41369,0.88,0.0,0.56,POSITIVE,NOUN,PROPN,NOUN,1.0,0.0,0.88,uninterested,wizard
41370,0.88,0.0,0.56,POSITIVE,NOUN,NOUN,NOUN,1.0,0.0,0.88,uninterested,documentary
41371,0.88,0.0,0.56,POSITIVE,NOUN,NOUN,NOUN,1.0,0.0,0.88,uninterested,clothing
41372,0.88,0.54,0.56,POSITIVE,ADJ,PROPN,ADJ,2.0,0.9,0.88,uninterested,superior
41373,0.88,0.0,0.56,NEGATIVE,ADV,ADV,ADV,1.0,0.5,0.88,uninterested,suddenly
41374,0.88,0.0,0.56,POSITIVE,NOUN,ADJ,ADJ,1.0,0.0,0.88,uninterested,maximum
41375,0.88,0.0,0.56,POSITIVE,NOUN,NOUN,NOUN,1.0,0.0,0.88,uninterested,athlete
41376,0.88,0.0,0.56,POSITIVE,NOUN,PROPN,NOUN,1.0,0.0,0.88,uninterested,model
41377,0.88,0.0,0.56,POSITIVE,NOUN,PROPN,PROPN,1.0,0.0,0.88,uninterested,louis
